# mannequin_store.obj generated for retail scene
v 0.1494 0.1234 -0.0773
v 0.0890 0.1219 -0.0721
v 0.1086 0.1226 -0.0000
v 0.1699 0.3129 0.0006
v 0.1682 0.3143 -0.0951
v 0.0714 0.3157 -0.0890
v 0.0829 0.3139 0.0170
v 0.1224 0.1266 -0.0850
v 0.1394 0.1257 0.0016
v 0.1437 0.3124 0.0257
v 0.1335 0.3137 -0.1092
v 0.1684 0.1251 -0.0532
v 0.0716 0.1252 -0.0326
v 0.0459 0.3142 -0.0369
v 0.1990 0.3131 -0.0478
v 0.1234 0.0063 0.1789
v 0.1224 0.0390 0.1726
v 0.0817 0.0071 -0.0695
v 0.0806 0.0893 -0.0722
v 0.2087 0.0063 0.1681
v 0.2078 0.0390 0.1618
v 0.1605 0.0071 -0.0787
v 0.1593 0.0894 -0.0822
v 0.0875 0.0043 -0.0036
v 0.1024 0.0043 0.0739
v 0.1026 0.0516 0.0740
v 0.1033 0.0887 0.0071
v 0.2069 0.0043 0.0631
v 0.1920 0.0043 -0.0147
v 0.2022 0.0516 0.0631
v 0.1177 0.0071 -0.0737
v 0.1165 0.0893 -0.0811
v 0.1578 0.0047 0.1746
v 0.1566 0.0414 0.1683
v 0.1333 0.0888 0.0033
v 0.1444 0.0516 0.0696
v 0.1295 0.0043 -0.0081
v 0.1444 0.0043 0.0696
v 0.0798 0.0887 -0.0414
v 0.1844 0.0043 -0.0537
v 0.0799 0.0043 -0.0420
v 0.1653 0.0887 -0.0542
v 0.1218 0.0043 -0.0467
v 0.1232 0.0188 0.1776
v 0.0798 0.0330 -0.0783
v 0.1586 0.0331 -0.0875
v 0.2085 0.0188 0.1668
v 0.1918 0.0207 -0.0158
v 0.2069 0.0198 0.0631
v 0.1024 0.0198 0.0739
v 0.0874 0.0207 -0.0046
v 0.1575 0.0180 0.1732
v 0.1158 0.0330 -0.0869
v 0.1844 0.0278 -0.0537
v 0.0799 0.0277 -0.0419
v 0.1576 0.1231 -0.0214
v 0.1737 0.0888 -0.0018
v -0.1494 0.1234 -0.0773
v -0.0890 0.1219 -0.0721
v -0.1086 0.1226 -0.0000
v -0.1699 0.3129 0.0006
v -0.1682 0.3143 -0.0951
v -0.0714 0.3157 -0.0890
v -0.0829 0.3139 0.0170
v -0.1224 0.1266 -0.0850
v -0.1394 0.1257 0.0016
v -0.1437 0.3124 0.0257
v -0.1335 0.3137 -0.1092
v -0.1684 0.1251 -0.0532
v -0.0716 0.1252 -0.0326
v -0.0459 0.3142 -0.0369
v -0.1990 0.3131 -0.0478
v -0.1234 0.0063 0.1789
v -0.1224 0.0390 0.1726
v -0.0817 0.0071 -0.0695
v -0.0806 0.0893 -0.0722
v -0.2087 0.0063 0.1681
v -0.2078 0.0390 0.1618
v -0.1605 0.0071 -0.0787
v -0.1593 0.0894 -0.0822
v -0.0875 0.0043 -0.0036
v -0.1024 0.0043 0.0739
v -0.1026 0.0516 0.0740
v -0.1033 0.0887 0.0071
v -0.2069 0.0043 0.0631
v -0.1920 0.0043 -0.0147
v -0.2022 0.0516 0.0631
v -0.1177 0.0071 -0.0737
v -0.1165 0.0893 -0.0811
v -0.1578 0.0047 0.1746
v -0.1566 0.0414 0.1683
v -0.1333 0.0888 0.0033
v -0.1444 0.0516 0.0696
v -0.1295 0.0043 -0.0081
v -0.1444 0.0043 0.0696
v -0.0798 0.0887 -0.0414
v -0.1844 0.0043 -0.0537
v -0.0799 0.0043 -0.0420
v -0.1653 0.0887 -0.0542
v -0.1218 0.0043 -0.0467
v -0.1232 0.0188 0.1776
v -0.0798 0.0330 -0.0783
v -0.1586 0.0331 -0.0875
v -0.2085 0.0188 0.1668
v -0.1918 0.0207 -0.0158
v -0.2069 0.0198 0.0631
v -0.1024 0.0198 0.0739
v -0.0874 0.0207 -0.0046
v -0.1575 0.0180 0.1732
v -0.1158 0.0330 -0.0869
v -0.1844 0.0278 -0.0537
v -0.0799 0.0277 -0.0419
v -0.1576 0.1231 -0.0214
v -0.1737 0.0888 -0.0018
v 0.1384 1.1234 0.0651
v 0.1480 1.2062 -0.0620
v 0.1489 1.1244 -0.0676
v 0.1477 1.2069 0.0619
v 0.1599 1.3380 0.0558
v 0.0733 1.5137 -0.0821
v 0.0733 1.4991 0.0289
v 0.0654 1.1166 0.1207
v 0.0782 1.2217 0.1199
v 0.0842 1.3863 0.1241
v 0.0842 1.4103 -0.1333
v 0.0782 1.2217 -0.1119
v 0.0653 1.1166 -0.1142
v 0.1467 0.9713 -0.0673
v 0.0399 0.9612 -0.1269
v 0.0401 0.9567 0.1108
v 0.1249 1.4940 -0.0890
v 0.1237 1.4863 0.0347
v 0.1097 1.1181 0.1011
v 0.1197 1.2125 0.0939
v 0.1246 1.3746 0.1118
v 0.1309 1.3848 -0.1275
v 0.1167 1.2110 -0.0936
v 0.1061 1.1203 -0.1016
v 0.0934 0.9616 0.0963
v 0.0897 0.9718 -0.1189
v 0.1936 1.4740 -0.0351
v 0.1614 1.1259 0.0028
v 0.1599 1.2033 -0.0002
v 0.0814 1.5169 -0.0252
v 0.1669 0.9754 -0.0028
v 0.1292 1.5022 -0.0262
v 0.1942 1.4094 -0.0951
v 0.1978 1.4158 0.0400
v 0.0752 1.4525 0.0928
v 0.0742 1.4723 -0.1300
v 0.1397 1.4580 -0.1226
v 0.1415 1.4502 0.0897
v 0.1593 1.3285 -0.0848
v 0.1808 1.4626 -0.0739
v 0.1808 1.4626 0.0043
v 0.1695 1.2534 -0.0135
v 0.2311 1.2879 -0.0937
v 0.2722 1.3031 -0.0916
v 0.2577 1.3217 0.0477
v 0.2835 1.3261 -0.0048
v 0.3062 1.3236 -0.0474
v 0.1848 1.2454 -0.0232
v 0.2025 1.2809 0.0562
v 0.1833 1.2575 -0.0627
v 0.1252 0.9684 0.0613
v 0.0812 1.3040 0.1172
v 0.1222 1.2936 0.0999
v -0.1384 1.1234 0.0651
v -0.1480 1.2062 -0.0620
v -0.1489 1.1244 -0.0676
v 0.0000 1.5218 -0.0821
v 0.0000 1.5073 0.0289
v -0.1477 1.2069 0.0619
v -0.1599 1.3380 0.0558
v -0.0000 1.0823 -0.1125
v -0.0000 1.1860 -0.1080
v 0.0000 1.4103 -0.1212
v 0.0000 1.4125 0.1281
v -0.0000 1.1860 0.1202
v -0.0000 1.0823 0.1208
v -0.0733 1.5137 -0.0821
v -0.0733 1.4991 0.0289
v -0.0654 1.1166 0.1207
v -0.0782 1.2217 0.1199
v -0.0842 1.3863 0.1241
v -0.0842 1.4103 -0.1333
v -0.0782 1.2217 -0.1119
v -0.0653 1.1166 -0.1142
v -0.0000 0.9683 -0.1309
v -0.1467 0.9713 -0.0673
v -0.0000 0.9534 0.1149
v -0.0399 0.9612 -0.1269
v -0.0401 0.9567 0.1108
v -0.1249 1.4940 -0.0890
v -0.1237 1.4863 0.0347
v -0.1097 1.1181 0.1011
v -0.1197 1.2125 0.0939
v -0.1246 1.3746 0.1118
v -0.1309 1.3848 -0.1275
v -0.1167 1.2110 -0.0936
v -0.1061 1.1203 -0.1016
v -0.0934 0.9616 0.0963
v -0.0897 0.9718 -0.1189
v -0.1936 1.4740 -0.0351
v -0.1614 1.1259 0.0028
v -0.1599 1.2033 -0.0002
v -0.0814 1.5169 -0.0252
v -0.1669 0.9754 -0.0028
v -0.1292 1.5022 -0.0262
v -0.1942 1.4094 -0.0951
v -0.1978 1.4158 0.0400
v 0.0000 1.4772 -0.1276
v 0.0000 1.4737 0.0920
v -0.0752 1.4525 0.0928
v -0.0742 1.4723 -0.1300
v -0.1397 1.4580 -0.1226
v -0.1415 1.4502 0.0897
v -0.1593 1.3285 -0.0848
v -0.1808 1.4626 -0.0739
v -0.1808 1.4626 0.0043
v -0.1695 1.2534 -0.0135
v -0.2311 1.2879 -0.0937
v -0.2722 1.3031 -0.0916
v -0.2577 1.3217 0.0477
v -0.2835 1.3261 -0.0048
v -0.3062 1.3236 -0.0474
v -0.1848 1.2454 -0.0232
v -0.2025 1.2809 0.0562
v -0.1833 1.2575 -0.0627
v -0.1252 0.9684 0.0613
v 0.0000 1.2993 0.1236
v -0.0812 1.3040 0.1172
v -0.1222 1.2936 0.0999
v 0.1212 1.0116 -0.0763
v 0.1207 1.0058 0.0581
v 0.0259 0.9273 -0.1123
v 0.0310 0.9100 0.0768
v 0.1480 0.1122 -0.0636
v 0.1055 0.1109 -0.0689
v 0.1123 0.1072 -0.0087
v 0.1475 0.5745 -0.0570
v 0.0677 0.5768 -0.0671
v 0.0715 0.5726 0.0335
v 0.1578 0.4830 0.0185
v 0.1564 0.4857 -0.0722
v 0.0864 0.4846 -0.0802
v 0.0895 0.4791 0.0234
v 0.1248 0.9699 -0.0732
v 0.0304 0.9093 -0.1029
v 0.0350 0.8909 0.0753
v 0.1236 0.9664 0.0571
v 0.1623 0.2844 -0.0085
v 0.1610 0.2857 -0.0804
v 0.0890 0.2870 -0.0896
v 0.0944 0.2811 0.0074
v 0.1509 0.7740 -0.0665
v 0.0369 0.7315 -0.0787
v 0.0455 0.7303 0.0637
v 0.1599 0.6724 0.0427
v 0.1578 0.6734 -0.0633
v 0.0530 0.6532 -0.0750
v 0.0599 0.6495 0.0477
v 0.1592 0.3389 -0.0827
v 0.0885 0.3393 -0.0946
v 0.0937 0.3330 0.0096
v 0.1602 0.3365 -0.0067
v 0.1239 1.0898 -0.0651
v 0.0399 1.0906 -0.1016
v 0.0401 1.0443 0.1089
v 0.1432 0.8579 -0.0682
v 0.0269 0.8505 -0.0781
v 0.0354 0.8282 0.0680
v 0.1461 0.8544 0.0524
v 0.1522 0.5310 -0.0532
v 0.0773 0.5310 -0.0662
v 0.0808 0.5261 0.0373
v 0.0770 0.9655 -0.1130
v 0.0825 0.9434 0.0900
v 0.1290 0.1151 -0.0711
v 0.1426 0.1058 -0.0069
v 0.1142 0.5675 0.0524
v 0.1081 0.5749 -0.0787
v 0.1293 0.4719 0.0409
v 0.1239 0.4895 -0.0931
v 0.0799 0.9346 -0.1060
v 0.0854 0.9169 0.0895
v 0.1431 0.2755 0.0188
v 0.1363 0.2852 -0.1037
v 0.0912 0.7509 -0.0906
v 0.1013 0.7416 0.0806
v 0.1040 0.6616 -0.0866
v 0.1120 0.6511 0.0673
v 0.1352 0.3395 -0.1080
v 0.1411 0.3273 0.0212
v 0.0950 1.0621 0.0962
v 0.0897 1.0948 -0.1013
v 0.0926 0.8330 0.0848
v 0.0829 0.8527 -0.0906
v 0.1163 0.5342 -0.0760
v 0.1222 0.5204 0.0554
v 0.1510 1.0321 -0.0083
v 0.1612 0.1138 -0.0506
v 0.0808 0.1138 -0.0323
v 0.0346 0.5746 -0.0152
v 0.1778 0.5747 -0.0146
v 0.0538 0.4829 -0.0263
v 0.1834 0.4855 -0.0273
v 0.1549 0.9875 -0.0083
v 0.0543 0.2857 -0.0374
v 0.1926 0.2846 -0.0455
v 0.1908 0.7849 -0.0110
v 0.0014 0.7253 -0.0054
v 0.1949 0.6780 -0.0110
v 0.0180 0.6485 -0.0122
v 0.1906 0.3392 -0.0455
v 0.0540 0.3386 -0.0389
v 0.1495 1.0757 -0.0018
v 0.1831 0.8625 -0.0108
v 0.1809 0.5305 -0.0124
v 0.0445 0.5282 -0.0128
v 0.1536 0.1119 -0.0296
v 0.1489 0.5760 0.0292
v 0.1539 0.7731 0.0491
v 0.1252 1.0746 0.0611
v 0.1536 0.5298 0.0304
v -0.1212 1.0116 -0.0763
v -0.1207 1.0058 0.0581
v -0.0000 0.8948 -0.1034
v -0.0000 0.8949 0.1033
v -0.0259 0.9273 -0.1123
v -0.0310 0.9100 0.0768
v -0.1480 0.1122 -0.0636
v -0.1055 0.1109 -0.0689
v -0.1123 0.1072 -0.0087
v -0.1475 0.5745 -0.0570
v -0.0677 0.5768 -0.0671
v -0.0715 0.5726 0.0335
v -0.1578 0.4830 0.0185
v -0.1564 0.4857 -0.0722
v -0.0864 0.4846 -0.0802
v -0.0895 0.4791 0.0234
v -0.1248 0.9699 -0.0732
v -0.0304 0.9093 -0.1029
v -0.0350 0.8909 0.0753
v -0.1236 0.9664 0.0571
v -0.1623 0.2844 -0.0085
v -0.1610 0.2857 -0.0804
v -0.0890 0.2870 -0.0896
v -0.0944 0.2811 0.0074
v -0.1509 0.7740 -0.0665
v -0.0369 0.7315 -0.0787
v -0.0455 0.7303 0.0637
v -0.1599 0.6723 0.0427
v -0.1578 0.6735 -0.0633
v -0.0530 0.6532 -0.0750
v -0.0599 0.6495 0.0477
v -0.1592 0.3389 -0.0827
v -0.0885 0.3393 -0.0946
v -0.0937 0.3330 0.0096
v -0.1602 0.3365 -0.0067
v -0.0000 1.0882 -0.0980
v -0.1239 1.0898 -0.0651
v -0.0000 1.0401 0.1160
v -0.0399 1.0906 -0.1016
v -0.0401 1.0443 0.1089
v -0.1432 0.8579 -0.0682
v -0.0269 0.8505 -0.0781
v -0.0354 0.8282 0.0680
v -0.1461 0.8544 0.0524
v -0.1522 0.5310 -0.0532
v -0.0773 0.5310 -0.0662
v -0.0808 0.5261 0.0373
v -0.0770 0.9655 -0.1130
v -0.0825 0.9434 0.0900
v -0.1290 0.1151 -0.0711
v -0.1426 0.1058 -0.0069
v -0.1142 0.5675 0.0524
v -0.1081 0.5749 -0.0787
v -0.1293 0.4719 0.0409
v -0.1239 0.4895 -0.0932
v -0.0799 0.9346 -0.1060
v -0.0854 0.9169 0.0895
v -0.1431 0.2755 0.0188
v -0.1363 0.2852 -0.1037
v -0.0912 0.7509 -0.0906
v -0.1013 0.7416 0.0806
v -0.1040 0.6616 -0.0867
v -0.1120 0.6511 0.0673
v -0.1352 0.3395 -0.1080
v -0.1411 0.3273 0.0212
v -0.0950 1.0621 0.0962
v -0.0897 1.0948 -0.1013
v -0.0926 0.8330 0.0848
v -0.0829 0.8527 -0.0906
v -0.1163 0.5342 -0.0760
v -0.1222 0.5204 0.0554
v -0.1510 1.0321 -0.0083
v 0.0000 0.8831 -0.0123
v 0.0000 0.8857 -0.0179
v -0.1612 0.1138 -0.0506
v -0.0808 0.1138 -0.0323
v -0.0346 0.5746 -0.0152
v -0.1778 0.5747 -0.0146
v -0.0538 0.4829 -0.0263
v -0.1834 0.4855 -0.0273
v -0.1549 0.9875 -0.0083
v 0.0000 0.8906 -0.0127
v -0.0543 0.2857 -0.0374
v -0.1926 0.2846 -0.0455
v -0.1908 0.7849 -0.0110
v -0.0014 0.7253 -0.0054
v -0.1949 0.6780 -0.0110
v -0.0180 0.6485 -0.0122
v -0.1906 0.3392 -0.0455
v -0.0540 0.3386 -0.0389
v -0.1495 1.0757 -0.0018
v 0.0000 0.8388 -0.0032
v -0.1831 0.8625 -0.0108
v -0.1809 0.5305 -0.0124
v -0.0445 0.5282 -0.0128
v -0.1536 0.1119 -0.0296
v -0.1489 0.5760 0.0292
v -0.1539 0.7731 0.0491
v -0.1252 1.0746 0.0611
v -0.1536 0.5298 0.0304
v 0.0376 1.7298 -0.0734
v 0.0892 1.7066 0.0255
v 0.0383 1.5741 0.0317
v 0.0469 1.7672 0.0563
v 0.0464 1.7886 -0.0203
v 0.0383 1.6044 -0.0335
v 0.0326 1.6003 0.0859
v 0.0361 1.6837 0.0942
v 0.0806 1.6464 0.0253
v 0.0825 1.6595 -0.0234
v 0.0906 1.7177 -0.0261
v 0.0345 1.6623 -0.0751
v 0.0388 1.7683 -0.0515
v 0.0638 1.6637 -0.0480
v 0.0685 1.6307 -0.0240
v 0.0809 1.7371 0.0326
v 0.0609 1.6318 0.0531
v 0.0326 1.5758 0.0709
v 0.0331 1.6291 -0.0607
v 0.0695 1.7210 -0.0503
v 0.0680 1.6135 0.0281
v 0.0806 1.7494 -0.0241
v 0.0674 1.6939 0.0555
v 0.0391 1.7283 0.0854
v 0.0518 1.7906 0.0176
v 0.0426 1.5866 0.0015
v 0.0349 1.6391 0.0914
v 0.0848 1.6763 0.0261
v 0.0875 1.6892 -0.0260
v 0.0888 1.6527 0.0005
v 0.0980 1.7164 -0.0002
v 0.0376 1.6996 -0.0780
v 0.0550 1.6070 0.0508
v 0.0642 1.7200 0.0575
v 0.0562 1.6409 -0.0443
v 0.0646 1.7457 -0.0430
v 0.0689 1.6927 -0.0520
v 0.0754 1.6199 0.0010
v 0.0893 1.7504 0.0043
v 0.0648 1.6615 0.0555
v 0.0930 1.6850 0.0000
v 0.1154 1.0116 -0.0726
v 0.1150 1.0058 0.0553
v 0.1231 1.1178 0.0620
v 0.1286 1.2002 -0.0591
v 0.1218 1.1188 -0.0535
v 0.1298 1.2009 0.0589
v 0.1523 1.3515 0.0531
v 0.0246 0.9273 -0.0975
v 0.0363 0.9142 0.0725
v 0.0698 1.5061 -0.0782
v 0.0698 1.4917 0.0275
v 0.0623 1.1111 0.1017
v 0.0744 1.2157 0.0946
v 0.0802 1.3794 0.1124
v 0.0802 1.4033 -0.1270
v 0.0744 1.2157 -0.0872
v 0.0622 1.1111 -0.0764
v 0.0528 1.5702 -0.0435
v 0.0415 1.5123 0.0171
v 0.1410 0.1122 -0.0604
v 0.1007 0.1109 -0.0560
v 0.1138 0.1115 -0.0089
v 0.1405 0.5745 -0.0542
v 0.0647 0.5768 -0.0543
v 0.0749 0.5769 0.0312
v 0.1503 0.4830 0.0178
v 0.1490 0.4857 -0.0686
v 0.0826 0.4846 -0.0668
v 0.0921 0.4833 0.0217
v 0.1189 0.9699 -0.0697
v 0.0289 0.9093 -0.0885
v 0.0401 0.8952 0.0711
v 0.1177 0.9664 0.0544
v 0.1546 0.2844 -0.0079
v 0.1534 0.2857 -0.0764
v 0.0850 0.2870 -0.0758
v 0.0967 0.2854 0.0065
v 0.1438 0.7740 -0.0632
v 0.0354 0.7315 -0.0654
v 0.0501 0.7346 0.0600
v 0.1523 0.6723 0.0408
v 0.1504 0.6734 -0.0602
v 0.0507 0.6532 -0.0618
v 0.0638 0.6537 0.0448
v 0.1517 0.3389 -0.0786
v 0.0846 0.3393 -0.0805
v 0.0960 0.3372 0.0085
v 0.1526 0.3365 -0.0063
v 0.1180 1.0632 -0.0641
v 0.0380 1.0005 -0.0995
v 0.0382 1.0015 0.0944
v 0.1364 0.8579 -0.0649
v 0.0259 0.8506 -0.0648
v 0.0405 0.8324 0.0641
v 0.1391 0.8544 0.0500
v 0.1450 0.5310 -0.0505
v 0.0738 0.5311 -0.0535
v 0.0837 0.5303 0.0349
v 0.0734 0.9655 -0.1076
v 0.0770 0.9519 0.0849
v 0.1189 1.4865 -0.0847
v 0.1178 1.4789 0.0330
v 0.1045 1.1126 0.0963
v 0.1140 1.2065 0.0895
v 0.1187 1.3678 0.1065
v 0.1247 1.3779 -0.1215
v 0.1112 1.2050 -0.0892
v 0.1010 1.1147 -0.0816
v 0.1229 0.1151 -0.0675
v 0.1343 0.1143 -0.0072
v 0.1073 0.5760 0.0492
v 0.1030 0.5749 -0.0748
v 0.1217 0.4804 0.0383
v 0.1180 0.4895 -0.0886
v 0.0761 0.9346 -0.1009
v 0.0798 0.9254 0.0845
v 0.1348 0.2840 0.0173
v 0.1299 0.2852 -0.0986
v 0.0868 0.7509 -0.0861
v 0.0950 0.7501 0.0761
v 0.0990 0.6616 -0.0824
v 0.1051 0.6595 0.0635
v 0.1288 0.3395 -0.1027
v 0.1329 0.3358 0.0196
v 0.0889 1.0278 0.0917
v 0.0854 1.0330 -0.0992
v 0.0867 0.8415 0.0801
v 0.0790 0.8527 -0.0862
v 0.1108 0.5342 -0.0722
v 0.1149 0.5289 0.0521
v 0.1438 1.0321 -0.0079
v 0.1843 1.4667 -0.0335
v 0.1409 1.1203 0.0027
v 0.1461 1.1973 -0.0002
v 0.0066 0.8972 -0.0160
v 0.0775 1.5093 -0.0240
v 0.0565 1.5493 -0.0123
v 0.1536 0.1138 -0.0481
v 0.0891 0.1138 -0.0299
v 0.0451 0.5746 -0.0136
v 0.1694 0.5747 -0.0138
v 0.0634 0.4829 -0.0241
v 0.1747 0.4855 -0.0259
v 0.1475 0.9875 -0.0079
v 0.0061 0.8906 -0.0111
v 0.0639 0.2856 -0.0347
v 0.1835 0.2846 -0.0432
v 0.1818 0.7849 -0.0104
v 0.0135 0.7253 -0.0043
v 0.1856 0.6780 -0.0104
v 0.0293 0.6485 -0.0107
v 0.1816 0.3392 -0.0432
v 0.0636 0.3386 -0.0362
v 0.1424 1.0757 -0.0026
v 0.0033 0.8388 -0.0020
v 0.1744 0.8625 -0.0102
v 0.1723 0.5305 -0.0117
v 0.0545 0.5281 -0.0113
v 0.1230 1.4947 -0.0249
v 0.1850 1.4024 -0.0906
v 0.1884 1.4087 0.0381
v 0.0716 1.4453 0.0884
v 0.0707 1.4650 -0.1238
v 0.1331 1.4508 -0.1168
v 0.1348 1.4430 0.0854
v 0.1517 1.3548 -0.0807
v 0.1722 1.4553 -0.0704
v 0.1722 1.4553 0.0041
v 0.1733 1.3323 -0.0147
v 0.2198 1.3345 -0.0911
v 0.2287 1.3877 -0.0694
v 0.2234 1.3402 0.0433
v 0.2287 1.3877 0.0051
v 0.2435 1.3954 -0.0324
v 0.1866 1.2689 -0.0136
v 0.1875 1.2834 0.0214
v 0.1880 1.2853 -0.0583
v 0.2987 1.1377 -0.0706
v 0.3229 1.1518 -0.0312
v 0.2805 1.1643 0.0279
v 0.3112 1.1656 0.0062
v 0.3240 1.1538 -0.0087
v 0.2490 1.1463 -0.0177
v 0.2602 1.1494 -0.0015
v 0.2622 1.1463 -0.0412
v 0.2992 1.2245 -0.0464
v 0.3677 0.9143 0.0572
v 0.3737 0.9175 0.0770
v 0.3502 0.9376 0.1168
v 0.3663 0.9262 0.1008
v 0.3744 0.9188 0.0913
v 0.3445 0.9175 0.0856
v 0.3454 0.9226 0.0950
v 0.3490 0.9164 0.0706
v 0.3052 1.2288 -0.0155
v 0.2660 1.2127 0.0379
v 0.2346 1.1959 0.0220
v 0.2898 1.2356 0.0095
v 0.2773 1.1958 -0.0702
v 0.2362 1.1848 -0.0507
v 0.2286 1.1792 -0.0163
v 0.3622 1.0503 0.0435
v 0.2833 1.0585 0.0520
v 0.3473 1.0641 0.0609
v 0.3099 1.0615 0.0836
v 0.3728 1.0480 0.0173
v 0.3318 1.0284 -0.0179
v 0.2990 1.0416 0.0057
v 0.2837 1.0417 0.0331
v 0.2698 1.3146 -0.0668
v 0.2452 1.2778 0.0522
v 0.2506 1.2631 -0.0915
v 0.2175 1.2262 -0.0536
v 0.2062 1.2126 -0.0134
v 0.2827 1.3220 -0.0246
v 0.2081 1.2420 0.0249
v 0.2640 1.3215 0.0142
v 0.3360 1.1185 0.0398
v 0.3521 1.0994 -0.0117
v 0.3178 1.0789 -0.0371
v 0.2740 1.0919 -0.0256
v 0.2559 1.0919 0.0069
v 0.3536 1.1022 0.0193
v 0.2554 1.1119 0.0293
v 0.2923 1.1348 0.0601
v 0.3710 0.9026 0.0584
v 0.3800 0.9051 0.0798
v 0.3500 0.9273 0.1294
v 0.3703 0.9167 0.1111
v 0.3810 0.9068 0.0986
v 0.3416 0.9052 0.0911
v 0.3447 0.9119 0.1035
v 0.3490 0.9038 0.0714
v 0.3751 0.8397 0.0582
v 0.3806 0.8408 0.0940
v 0.3499 0.8579 0.1479
v 0.3640 0.8484 0.1288
v 0.3716 0.8388 0.1141
v 0.3502 0.8466 0.1024
v 0.3534 0.8516 0.1168
v 0.3578 0.8478 0.0820
v 0.3561 0.7783 0.0809
v 0.3771 0.8163 0.0687
v 0.3748 0.8183 0.1041
v 0.3495 0.8313 0.1577
v 0.3621 0.8222 0.1383
v 0.3685 0.8140 0.1232
v 0.3516 0.8250 0.1105
v 0.3480 0.8282 0.1251
v 0.3578 0.8281 0.0862
v 0.3698 0.9323 0.0856
v 0.3525 0.7832 0.1016
v 0.3307 0.7893 0.1563
v 0.3433 0.7860 0.1371
v 0.3479 0.7801 0.1214
v 0.3357 0.7881 0.1082
v 0.3331 0.7904 0.1233
v 0.3431 0.7903 0.0885
v 0.3720 0.8867 0.0582
v 0.3395 0.9359 0.0891
v 0.3474 0.9446 0.1127
v 0.3624 0.9391 0.0943
v 0.3699 0.9311 0.0726
v 0.3624 0.9237 0.0533
v 0.3457 0.9299 0.0668
v 0.3412 0.9308 0.0804
v 0.3326 0.7520 0.0909
v 0.3335 0.7624 0.1050
v 0.3123 0.7614 0.1385
v 0.3270 0.7644 0.1257
v 0.3303 0.7603 0.1165
v 0.3217 0.7658 0.1089
v 0.3199 0.7674 0.1177
v 0.3269 0.7674 0.0974
v 0.3184 0.7489 0.1163
v 0.3512 0.8896 0.0741
v 0.3786 0.8896 0.1026
v 0.3802 0.8888 0.0834
v 0.3687 0.8994 0.1156
v 0.3469 0.8966 0.1068
v 0.3493 0.9057 0.1354
v 0.3438 0.8903 0.0940
v 0.3283 0.8966 0.0926
v 0.3299 0.9039 0.1019
v 0.3397 0.8827 0.0954
v 0.3414 0.8895 0.1082
v 0.3185 0.8659 0.0944
v 0.3193 0.8682 0.1028
v 0.3313 0.8649 0.0919
v 0.3312 0.8653 0.1003
v 0.3155 0.8416 0.0975
v 0.3146 0.8414 0.1044
v 0.3263 0.8420 0.0952
v 0.3262 0.8424 0.1037
v 0.1236 0.0121 0.1216
v 0.1229 0.0355 0.1159
v 0.0957 0.0128 -0.0633
v 0.0949 0.0812 -0.0659
v 0.1804 0.0121 0.1117
v 0.1798 0.0355 0.1060
v 0.1482 0.0128 -0.0714
v 0.1473 0.0812 -0.0745
v 0.0997 0.0102 -0.0033
v 0.1095 0.0102 0.0672
v 0.1097 0.0469 0.0673
v 0.1102 0.0807 -0.0043
v 0.1792 0.0102 0.0574
v 0.1693 0.0103 -0.0133
v 0.1793 0.0469 0.0573
v 0.1197 0.0128 -0.0670
v 0.1189 0.0812 -0.0698
v 0.1464 0.0106 0.1176
v 0.1457 0.0377 0.1119
v 0.1302 0.0807 -0.0076
v 0.1375 0.0469 0.0633
v 0.1276 0.0102 -0.0073
v 0.1375 0.0102 0.0633
v 0.0945 0.0806 -0.0379
v 0.1642 0.0102 -0.0487
v 0.0946 0.0102 -0.0383
v 0.1640 0.0806 -0.0493
v 0.1225 0.0102 -0.0425
v 0.1234 0.0171 0.1204
v 0.0944 0.0300 -0.0713
v 0.1469 0.0301 -0.0794
v 0.1803 0.0171 0.1105
v 0.1692 0.0188 -0.0143
v 0.1792 0.0180 0.0574
v 0.1095 0.0180 0.0672
v 0.0996 0.0188 -0.0042
v 0.1463 0.0164 0.1164
v 0.1184 0.0300 -0.0750
v 0.1642 0.0252 -0.0487
v 0.0946 0.0252 -0.0382
v 0.1463 0.1119 -0.0280
v 0.1418 0.5760 0.0280
v 0.1466 0.7731 0.0469
v 0.1192 1.0603 0.0584
v 0.1463 0.5298 0.0291
v 0.1571 0.0807 -0.0120
v 0.0773 1.2975 0.1006
v 0.1163 1.2871 0.0951
v -0.0376 1.7298 -0.0734
v -0.0892 1.7066 0.0255
v -0.0383 1.5741 0.0317
v -0.0469 1.7672 0.0563
v -0.0464 1.7886 -0.0203
v -0.0383 1.6044 -0.0335
v -0.0326 1.6003 0.0859
v -0.0361 1.6837 0.0942
v -0.0806 1.6464 0.0253
v -0.0825 1.6595 -0.0234
v -0.0906 1.7177 -0.0261
v -0.0345 1.6623 -0.0751
v -0.0388 1.7683 -0.0515
v -0.0638 1.6637 -0.0480
v -0.0685 1.6307 -0.0240
v -0.0809 1.7371 0.0326
v -0.0609 1.6318 0.0531
v -0.0326 1.5758 0.0709
v -0.0331 1.6291 -0.0607
v -0.0695 1.7210 -0.0503
v -0.0680 1.6135 0.0281
v -0.0806 1.7494 -0.0241
v -0.0674 1.6939 0.0555
v -0.0391 1.7283 0.0854
v -0.0000 1.7822 0.0723
v -0.0000 1.8101 -0.0179
v -0.0518 1.7906 0.0176
v 0.0000 1.5579 0.0373
v -0.0000 1.6111 -0.0583
v -0.0426 1.5866 0.0015
v -0.0349 1.6391 0.0914
v -0.0000 1.5803 0.1036
v -0.0000 1.6793 0.1157
v -0.0848 1.6763 0.0261
v -0.0875 1.6892 -0.0260
v -0.0888 1.6527 0.0005
v -0.0980 1.7164 -0.0002
v -0.0376 1.6996 -0.0780
v -0.0000 1.6601 -0.0893
v -0.0000 1.7398 -0.0874
v -0.0550 1.6070 0.0508
v -0.0642 1.7200 0.0575
v -0.0562 1.6409 -0.0443
v -0.0646 1.7457 -0.0430
v -0.0689 1.6927 -0.0520
v -0.0754 1.6199 0.0010
v -0.0893 1.7504 0.0043
v -0.0648 1.6615 0.0555
v -0.0930 1.6850 0.0000
v -0.0000 1.6213 -0.0729
v -0.0000 1.7854 -0.0551
v 0.0000 1.5524 0.0852
v -0.0000 1.7335 0.1065
v -0.0000 1.8122 0.0264
v -0.0000 1.6261 0.1110
v -0.0000 1.7038 -0.0909
v -0.1154 1.0116 -0.0726
v -0.1150 1.0058 0.0553
v -0.1231 1.1178 0.0620
v -0.1286 1.2002 -0.0591
v -0.1218 1.1188 -0.0535
v -0.0000 0.9347 -0.0985
v -0.0000 0.8955 0.0880
v 0.0000 1.5143 -0.0782
v 0.0000 1.4998 0.0275
v -0.1298 1.2009 0.0589
v -0.1523 1.3515 0.0531
v -0.0000 1.0769 -0.0647
v -0.0000 1.1801 -0.0756
v 0.0000 1.4033 -0.1154
v 0.0000 1.4055 0.1163
v -0.0000 1.1801 0.0946
v -0.0000 1.0769 0.1017
v -0.0246 0.9273 -0.0975
v -0.0363 0.9142 0.0725
v -0.0698 1.5061 -0.0782
v -0.0698 1.4917 0.0275
v -0.0623 1.1111 0.1017
v -0.0744 1.2157 0.0946
v -0.0802 1.3794 0.1124
v -0.0802 1.4033 -0.1270
v -0.0744 1.2157 -0.0872
v -0.0622 1.1111 -0.0764
v -0.0528 1.5702 -0.0435
v -0.0000 1.5783 -0.0619
v -0.0415 1.5123 0.0171
v 0.0000 1.5205 0.0275
v -0.1410 0.1122 -0.0604
v -0.1007 0.1109 -0.0560
v -0.1138 0.1115 -0.0089
v -0.1405 0.5745 -0.0542
v -0.0647 0.5768 -0.0544
v -0.0749 0.5769 0.0312
v -0.1503 0.4830 0.0178
v -0.1490 0.4857 -0.0686
v -0.0826 0.4846 -0.0668
v -0.0921 0.4833 0.0217
v -0.1189 0.9699 -0.0697
v -0.0289 0.9093 -0.0885
v -0.0401 0.8952 0.0711
v -0.1177 0.9664 0.0544
v -0.1546 0.2844 -0.0079
v -0.1534 0.2857 -0.0764
v -0.0850 0.2870 -0.0758
v -0.0967 0.2854 0.0065
v -0.1438 0.7740 -0.0632
v -0.0354 0.7315 -0.0654
v -0.0501 0.7346 0.0600
v -0.1523 0.6723 0.0408
v -0.1504 0.6734 -0.0602
v -0.0507 0.6532 -0.0618
v -0.0638 0.6537 0.0448
v -0.1517 0.3389 -0.0786
v -0.0846 0.3393 -0.0805
v -0.0960 0.3372 0.0085
v -0.1526 0.3365 -0.0063
v -0.0000 0.9922 -0.0960
v -0.1180 1.0632 -0.0641
v -0.0000 0.9847 0.0943
v -0.0380 1.0005 -0.0995
v -0.0382 1.0015 0.0944
v -0.1364 0.8579 -0.0649
v -0.0259 0.8506 -0.0648
v -0.0405 0.8324 0.0641
v -0.1391 0.8544 0.0500
v -0.1450 0.5310 -0.0505
v -0.0738 0.5311 -0.0535
v -0.0837 0.5303 0.0349
v -0.0734 0.9655 -0.1076
v -0.0770 0.9519 0.0849
v -0.1189 1.4865 -0.0847
v -0.1178 1.4789 0.0330
v -0.1045 1.1126 0.0963
v -0.1140 1.2065 0.0895
v -0.1187 1.3678 0.1065
v -0.1247 1.3779 -0.1215
v -0.1112 1.2050 -0.0892
v -0.1010 1.1147 -0.0816
v -0.1229 0.1151 -0.0675
v -0.1343 0.1143 -0.0072
v -0.1073 0.5760 0.0492
v -0.1030 0.5749 -0.0748
v -0.1217 0.4804 0.0383
v -0.1180 0.4895 -0.0886
v -0.0761 0.9346 -0.1009
v -0.0798 0.9254 0.0845
v -0.1348 0.2840 0.0173
v -0.1299 0.2852 -0.0986
v -0.0868 0.7509 -0.0861
v -0.0950 0.7501 0.0761
v -0.0990 0.6616 -0.0824
v -0.1051 0.6595 0.0635
v -0.1288 0.3395 -0.1027
v -0.1329 0.3358 0.0196
v -0.0889 1.0278 0.0917
v -0.0854 1.0330 -0.0992
v -0.0867 0.8415 0.0801
v -0.0790 0.8527 -0.0862
v -0.1108 0.5342 -0.0722
v -0.1149 0.5289 0.0521
v -0.1438 1.0321 -0.0079
v -0.1843 1.4667 -0.0335
v 0.0000 0.8946 -0.0106
v -0.1409 1.1203 0.0027
v -0.1461 1.1973 -0.0002
v -0.0066 0.8972 -0.0160
v -0.0775 1.5093 -0.0240
v -0.0565 1.5493 -0.0123
v -0.1536 0.1138 -0.0481
v -0.0891 0.1138 -0.0299
v -0.0451 0.5746 -0.0136
v -0.1694 0.5747 -0.0138
v -0.0634 0.4829 -0.0242
v -0.1747 0.4855 -0.0259
v -0.1475 0.9875 -0.0079
v -0.0061 0.8906 -0.0111
v -0.0639 0.2856 -0.0347
v -0.1835 0.2846 -0.0432
v -0.1818 0.7849 -0.0104
v -0.0135 0.7253 -0.0043
v -0.1856 0.6780 -0.0104
v -0.0293 0.6485 -0.0107
v -0.1816 0.3392 -0.0432
v -0.0636 0.3386 -0.0362
v -0.1424 1.0757 -0.0026
v -0.0033 0.8388 -0.0020
v -0.1744 0.8625 -0.0102
v -0.1723 0.5305 -0.0117
v -0.0545 0.5281 -0.0113
v -0.1230 1.4947 -0.0249
v -0.1850 1.4024 -0.0906
v -0.1884 1.4087 0.0381
v 0.0000 1.4699 -0.1216
v 0.0000 1.4664 0.0876
v -0.0716 1.4453 0.0884
v -0.0707 1.4650 -0.1238
v -0.1331 1.4508 -0.1168
v -0.1348 1.4430 0.0854
v -0.1517 1.3548 -0.0807
v -0.1722 1.4553 -0.0704
v -0.1722 1.4553 0.0041
v -0.1733 1.3323 -0.0147
v -0.2198 1.3345 -0.0911
v -0.2287 1.3877 -0.0694
v -0.2234 1.3402 0.0433
v -0.2287 1.3877 0.0051
v -0.2435 1.3954 -0.0324
v -0.1866 1.2689 -0.0136
v -0.1875 1.2834 0.0214
v -0.1880 1.2853 -0.0583
v -0.2987 1.1377 -0.0706
v -0.3229 1.1518 -0.0312
v -0.2805 1.1643 0.0279
v -0.3112 1.1656 0.0062
v -0.3240 1.1538 -0.0087
v -0.2490 1.1463 -0.0177
v -0.2602 1.1494 -0.0015
v -0.2622 1.1463 -0.0412
v -0.2992 1.2245 -0.0464
v -0.3677 0.9143 0.0572
v -0.3737 0.9175 0.0770
v -0.3502 0.9376 0.1168
v -0.3663 0.9262 0.1008
v -0.3744 0.9188 0.0913
v -0.3445 0.9175 0.0856
v -0.3454 0.9226 0.0950
v -0.3490 0.9164 0.0706
v -0.3052 1.2288 -0.0155
v -0.2660 1.2127 0.0379
v -0.2346 1.1959 0.0220
v -0.2898 1.2356 0.0095
v -0.2773 1.1958 -0.0702
v -0.2362 1.1848 -0.0507
v -0.2286 1.1792 -0.0163
v -0.3622 1.0503 0.0435
v -0.2833 1.0585 0.0520
v -0.3473 1.0641 0.0609
v -0.3099 1.0615 0.0836
v -0.3728 1.0480 0.0173
v -0.3318 1.0284 -0.0179
v -0.2990 1.0416 0.0057
v -0.2837 1.0417 0.0331
v -0.2698 1.3146 -0.0668
v -0.2452 1.2778 0.0522
v -0.2506 1.2631 -0.0915
v -0.2175 1.2262 -0.0536
v -0.2062 1.2126 -0.0134
v -0.2827 1.3220 -0.0246
v -0.2081 1.2420 0.0249
v -0.2640 1.3215 0.0142
v -0.3360 1.1185 0.0398
v -0.3521 1.0994 -0.0117
v -0.3178 1.0789 -0.0371
v -0.2740 1.0919 -0.0256
v -0.2559 1.0919 0.0069
v -0.3536 1.1022 0.0193
v -0.2554 1.1119 0.0293
v -0.2923 1.1348 0.0601
v -0.3710 0.9026 0.0584
v -0.3800 0.9051 0.0798
v -0.3500 0.9273 0.1294
v -0.3703 0.9167 0.1111
v -0.3810 0.9068 0.0986
v -0.3416 0.9052 0.0911
v -0.3447 0.9119 0.1035
v -0.3490 0.9038 0.0714
v -0.3751 0.8397 0.0582
v -0.3806 0.8408 0.0940
v -0.3499 0.8579 0.1479
v -0.3640 0.8484 0.1288
v -0.3716 0.8388 0.1141
v -0.3502 0.8466 0.1024
v -0.3534 0.8516 0.1168
v -0.3578 0.8478 0.0820
v -0.3561 0.7783 0.0809
v -0.3771 0.8163 0.0687
v -0.3748 0.8183 0.1041
v -0.3495 0.8313 0.1577
v -0.3621 0.8222 0.1383
v -0.3685 0.8140 0.1232
v -0.3516 0.8250 0.1105
v -0.3480 0.8282 0.1251
v -0.3578 0.8281 0.0862
v -0.3698 0.9323 0.0856
v -0.3525 0.7832 0.1016
v -0.3307 0.7893 0.1563
v -0.3433 0.7860 0.1371
v -0.3479 0.7801 0.1214
v -0.3357 0.7881 0.1082
v -0.3331 0.7904 0.1233
v -0.3431 0.7903 0.0885
v -0.3720 0.8867 0.0582
v -0.3395 0.9359 0.0891
v -0.3474 0.9446 0.1127
v -0.3624 0.9391 0.0943
v -0.3699 0.9311 0.0726
v -0.3624 0.9237 0.0533
v -0.3457 0.9299 0.0668
v -0.3412 0.9308 0.0804
v -0.3326 0.7520 0.0909
v -0.3335 0.7624 0.1050
v -0.3123 0.7614 0.1385
v -0.3270 0.7644 0.1257
v -0.3303 0.7603 0.1165
v -0.3217 0.7658 0.1089
v -0.3199 0.7674 0.1177
v -0.3269 0.7674 0.0974
v -0.3184 0.7489 0.1163
v -0.3512 0.8896 0.0741
v -0.3786 0.8896 0.1026
v -0.3802 0.8888 0.0834
v -0.3687 0.8994 0.1156
v -0.3469 0.8966 0.1068
v -0.3493 0.9057 0.1354
v -0.3438 0.8903 0.0940
v -0.3283 0.8966 0.0926
v -0.3299 0.9039 0.1019
v -0.3397 0.8827 0.0954
v -0.3414 0.8895 0.1082
v -0.3185 0.8659 0.0944
v -0.3193 0.8682 0.1028
v -0.3313 0.8649 0.0919
v -0.3312 0.8653 0.1003
v -0.3155 0.8416 0.0975
v -0.3146 0.8414 0.1044
v -0.3263 0.8420 0.0952
v -0.3262 0.8424 0.1037
v -0.1236 0.0121 0.1216
v -0.1229 0.0355 0.1159
v -0.0957 0.0128 -0.0633
v -0.0949 0.0812 -0.0659
v -0.1804 0.0121 0.1117
v -0.1798 0.0355 0.1060
v -0.1482 0.0128 -0.0714
v -0.1473 0.0812 -0.0745
v -0.0997 0.0102 -0.0033
v -0.1095 0.0102 0.0672
v -0.1097 0.0469 0.0673
v -0.1102 0.0807 -0.0043
v -0.1792 0.0102 0.0574
v -0.1693 0.0103 -0.0133
v -0.1793 0.0469 0.0573
v -0.1197 0.0128 -0.0670
v -0.1189 0.0812 -0.0698
v -0.1464 0.0106 0.1176
v -0.1457 0.0377 0.1119
v -0.1302 0.0807 -0.0076
v -0.1375 0.0469 0.0633
v -0.1276 0.0102 -0.0073
v -0.1375 0.0102 0.0633
v -0.0945 0.0806 -0.0379
v -0.1642 0.0102 -0.0487
v -0.0946 0.0102 -0.0383
v -0.1640 0.0806 -0.0493
v -0.1225 0.0102 -0.0425
v -0.1234 0.0171 0.1204
v -0.0944 0.0300 -0.0713
v -0.1469 0.0301 -0.0794
v -0.1803 0.0171 0.1105
v -0.1692 0.0188 -0.0143
v -0.1792 0.0180 0.0574
v -0.1095 0.0180 0.0672
v -0.0996 0.0188 -0.0042
v -0.1463 0.0164 0.1164
v -0.1184 0.0300 -0.0750
v -0.1642 0.0252 -0.0487
v -0.0946 0.0252 -0.0382
v -0.1463 0.1119 -0.0280
v -0.1418 0.5760 0.0280
v -0.1466 0.7731 0.0468
v -0.1192 1.0603 0.0584
v -0.1463 0.5298 0.0291
v -0.1571 0.0807 -0.0120
v 0.0000 1.2928 0.1026
v -0.0773 1.2975 0.1006
v -0.1163 1.2871 0.0951
vn 0.9865 -0.1488 -0.0683
vn 0.8148 -0.1246 0.5662
vn 0.8536 0.0793 0.5148
vn 0.9893 0.0036 -0.1460
vn 0.0108 -0.1253 -0.9920
vn 0.6008 -0.1334 -0.7881
vn 0.5628 -0.0273 -0.8261
vn -0.0445 -0.0601 -0.9972
vn -0.9824 -0.1473 0.1148
vn -0.6659 -0.1260 -0.7353
vn -0.6769 -0.0476 -0.7345
vn -0.9777 -0.0856 0.1916
vn 0.3393 -0.1276 0.9319
vn -0.4823 -0.1278 0.8666
vn -0.4338 -0.0389 0.9002
vn 0.3100 0.0457 0.9496
vn -0.9915 0.0128 0.1295
vn -0.9873 0.0224 0.1570
vn -0.7781 0.0478 -0.6263
vn -0.7378 -0.1090 -0.6662
vn -0.1233 -0.1482 -0.9812
vn -0.1275 0.0585 -0.9901
vn 0.5628 0.1200 -0.8178
vn 0.4300 -0.0666 -0.9004
vn 0.9895 0.0889 -0.1138
vn 0.7290 0.6820 0.0593
vn 0.6205 0.6200 0.4802
vn 0.7413 0.1454 0.6553
vn 0.1242 0.1642 0.9786
vn 0.0785 0.7549 0.6511
vn -0.5084 0.5866 0.6304
vn -0.5687 0.1185 0.8139
vn -0.0011 -1.0000 0.0062
vn 0.7233 -0.6868 -0.0710
vn 0.6173 -0.5436 0.5687
vn 0.0907 -0.6746 0.7326
vn 0.0327 0.9524 0.3031
vn -0.7091 0.6373 0.3015
vn 0.1447 0.6013 0.7858
vn -0.6448 0.3438 0.6826
vn -0.0056 -0.9987 -0.0510
vn 0.6597 -0.6708 -0.3389
vn 0.6944 -0.7068 -0.1344
vn 0.0001 -1.0000 0.0001
vn 0.9243 0.0962 -0.3694
vn 0.9470 0.1914 -0.2581
vn 0.7839 0.5505 0.2869
vn 0.9738 0.1278 -0.1878
vn -0.9830 0.0381 0.1795
vn -0.9743 0.0526 0.2189
vn -0.6934 -0.7077 0.1355
vn -0.6962 -0.7041 0.1400
vn -0.7168 -0.6967 0.0274
vn -0.4675 -0.5381 0.7013
vn -0.6044 -0.6558 -0.4523
vn -0.0701 -0.8053 -0.5886
vn 0.3074 -0.6822 -0.6634
vn -0.9865 -0.1488 -0.0683
vn -0.9893 0.0036 -0.1460
vn -0.8536 0.0793 0.5148
vn -0.8148 -0.1246 0.5662
vn -0.0108 -0.1253 -0.9920
vn 0.0445 -0.0601 -0.9972
vn -0.5628 -0.0273 -0.8261
vn -0.6008 -0.1334 -0.7881
vn 0.9824 -0.1473 0.1148
vn 0.9777 -0.0856 0.1916
vn 0.6769 -0.0476 -0.7345
vn 0.6659 -0.1260 -0.7353
vn -0.3393 -0.1276 0.9319
vn -0.3100 0.0457 0.9496
vn 0.4338 -0.0388 0.9002
vn 0.4823 -0.1278 0.8666
vn 0.9915 0.0128 0.1295
vn 0.7378 -0.1090 -0.6662
vn 0.7781 0.0478 -0.6263
vn 0.9873 0.0224 0.1570
vn 0.1233 -0.1482 -0.9812
vn -0.4300 -0.0666 -0.9004
vn -0.5628 0.1200 -0.8178
vn 0.1275 0.0585 -0.9901
vn -0.9895 0.0889 -0.1138
vn -0.7413 0.1454 0.6553
vn -0.6205 0.6200 0.4802
vn -0.7290 0.6820 0.0593
vn -0.1242 0.1642 0.9786
vn 0.5687 0.1185 0.8139
vn 0.5084 0.5866 0.6304
vn -0.0785 0.7549 0.6511
vn 0.0011 -1.0000 0.0062
vn -0.0907 -0.6746 0.7326
vn -0.6173 -0.5436 0.5687
vn -0.7233 -0.6868 -0.0710
vn -0.0327 0.9524 0.3031
vn 0.7091 0.6373 0.3015
vn -0.1447 0.6013 0.7858
vn 0.6448 0.3438 0.6826
vn 0.0056 -0.9987 -0.0510
vn -0.0001 -1.0000 0.0001
vn -0.6944 -0.7068 -0.1344
vn -0.6597 -0.6708 -0.3389
vn -0.9243 0.0962 -0.3694
vn -0.9738 0.1278 -0.1878
vn -0.7839 0.5505 0.2869
vn -0.9470 0.1914 -0.2581
vn 0.9830 0.0381 0.1795
vn 0.9743 0.0526 0.2189
vn 0.6934 -0.7077 0.1354
vn 0.6962 -0.7041 0.1400
vn 0.7168 -0.6967 0.0274
vn 0.4675 -0.5381 0.7013
vn 0.6044 -0.6558 -0.4523
vn 0.0701 -0.8053 -0.5886
vn -0.3074 -0.6822 -0.6634
vn 0.0452 -0.0333 -0.9984
vn 0.1095 -0.0667 -0.9917
vn 0.0000 -0.0070 -1.0000
vn 0.0000 -0.0570 -0.9984
vn 0.0777 0.4143 -0.9068
vn 0.0000 0.4059 -0.9139
vn 0.2172 -0.0587 0.9743
vn 0.1718 0.1533 0.9731
vn 0.0000 0.2639 0.9645
vn 0.0000 -0.0308 0.9995
vn 0.2117 -0.0355 0.9767
vn 0.2568 -0.0139 0.9663
vn 0.0000 0.0027 1.0000
vn 0.0000 -0.0367 0.9993
vn 0.1796 -0.0722 0.9811
vn 0.0000 -0.0597 0.9982
vn 0.1537 0.6329 0.7588
vn 0.1735 0.8712 0.4591
vn 0.0000 0.8466 0.5322
vn 0.0000 0.7074 0.7068
vn 0.1210 0.0509 -0.9913
vn 0.0000 0.0879 -0.9961
vn 0.9938 -0.0110 0.1108
vn 0.9961 -0.0110 0.0870
vn 0.8567 -0.0520 0.5132
vn 0.8277 -0.0660 0.5573
vn 0.9972 -0.0675 0.0323
vn 0.8912 -0.0630 0.4492
vn 0.5308 -0.8286 0.1779
vn 0.5290 -0.1047 0.8421
vn 0.5099 -0.0824 -0.8563
vn 0.4888 0.0217 -0.8721
vn 0.3783 0.9228 0.0727
vn 0.2871 0.9538 0.0879
vn 0.3371 0.8419 0.4214
vn 0.4776 0.4926 0.7274
vn 0.5432 -0.0918 0.8346
vn 0.5994 -0.0618 0.7981
vn 0.6404 -0.0439 0.7667
vn 0.6073 -0.0727 0.7911
vn 0.4968 0.0166 0.8677
vn 0.4199 0.3557 -0.8350
vn 0.3616 -0.1276 -0.9236
vn 0.4116 0.0411 -0.9104
vn 0.0868 0.0952 -0.9916
vn 0.0000 0.1154 -0.9933
vn 0.8589 0.0151 -0.5118
vn 0.8486 0.0091 -0.5289
vn 0.3166 -0.2537 -0.9140
vn 0.8697 -0.0835 -0.4864
vn 0.3772 0.0988 -0.9208
vn 0.6864 0.3935 0.6115
vn 0.6227 0.6923 0.3646
vn 0.6541 0.7555 -0.0356
vn 0.5802 0.6347 -0.5103
vn 0.3791 0.8137 -0.4406
vn 0.2002 0.8453 -0.4953
vn 0.0000 0.7362 -0.6767
vn 0.5123 0.3630 -0.7783
vn 0.0165 -0.0154 -0.9997
vn -0.6974 -0.4088 -0.5886
vn -0.8250 -0.5646 0.0212
vn -0.3235 -0.3169 0.8916
vn 0.4958 0.3763 0.7826
vn 0.7535 0.5339 0.3836
vn 0.7960 0.5795 -0.1749
vn -0.0452 -0.0333 -0.9984
vn -0.1095 -0.0667 -0.9917
vn -0.0777 0.4143 -0.9068
vn -0.2172 -0.0587 0.9743
vn -0.1718 0.1533 0.9731
vn -0.2117 -0.0355 0.9767
vn -0.2568 -0.0139 0.9663
vn -0.1796 -0.0722 0.9811
vn -0.1537 0.6329 0.7588
vn -0.1735 0.8712 0.4591
vn -0.1210 0.0509 -0.9913
vn -0.9938 -0.0110 0.1108
vn -0.8277 -0.0660 0.5573
vn -0.8567 -0.0520 0.5132
vn -0.9961 -0.0110 0.0870
vn -0.8912 -0.0630 0.4492
vn -0.9972 -0.0675 0.0323
vn -0.5290 -0.1047 0.8421
vn -0.5308 -0.8286 0.1779
vn -0.5099 -0.0824 -0.8563
vn -0.4888 0.0217 -0.8721
vn -0.3783 0.9228 0.0727
vn -0.3371 0.8419 0.4214
vn -0.2871 0.9538 0.0879
vn -0.4776 0.4926 0.7274
vn -0.5432 -0.0918 0.8346
vn -0.5994 -0.0618 0.7981
vn -0.6404 -0.0439 0.7667
vn -0.6073 -0.0727 0.7911
vn -0.4968 0.0166 0.8677
vn -0.4199 0.3557 -0.8350
vn -0.3616 -0.1276 -0.9236
vn -0.0868 0.0952 -0.9916
vn -0.4116 0.0411 -0.9104
vn -0.8589 0.0151 -0.5118
vn -0.8486 0.0091 -0.5289
vn -0.3166 -0.2537 -0.9140
vn -0.8697 -0.0835 -0.4864
vn -0.3772 0.0988 -0.9208
vn -0.6864 0.3935 0.6115
vn -0.6227 0.6923 0.3646
vn -0.6541 0.7555 -0.0356
vn -0.5802 0.6347 -0.5103
vn -0.3791 0.8137 -0.4406
vn -0.2002 0.8453 -0.4953
vn -0.0165 -0.0154 -0.9997
vn -0.5123 0.3630 -0.7783
vn 0.6974 -0.4088 -0.5886
vn 0.8250 -0.5646 0.0212
vn 0.3235 -0.3169 0.8916
vn -0.7535 0.5339 0.3836
vn -0.4958 0.3763 0.7826
vn -0.7960 0.5795 -0.1749
vn -0.1171 0.0675 -0.9908
vn -0.0135 -0.2561 -0.9666
vn 0.0000 -0.8062 -0.5917
vn 0.0000 0.0537 -0.9985
vn 0.0000 -0.9820 -0.1886
vn 0.0443 -0.4247 0.9042
vn 0.0000 -0.6488 0.7609
vn 0.0000 -0.9981 0.0614
vn 0.9964 -0.0699 -0.0476
vn 0.8253 -0.0459 0.5628
vn 0.8490 -0.1136 0.5159
vn 0.9804 -0.1604 -0.1145
vn 0.3699 0.0580 -0.9272
vn 0.3301 -0.0345 -0.9433
vn 0.2255 -0.1157 -0.9673
vn 0.6924 -0.0691 -0.7182
vn 0.6496 -0.1339 -0.7483
vn 0.1827 -0.1658 -0.9691
vn -0.9922 -0.0940 0.0818
vn -0.5853 -0.1116 -0.8031
vn -0.5668 -0.1593 -0.8083
vn -0.9760 -0.1631 0.1442
vn 0.3909 -0.0838 0.9166
vn -0.4951 -0.0776 0.8653
vn -0.4253 -0.1261 0.8962
vn 0.4067 -0.1338 0.9037
vn 0.1171 -0.1703 0.9784
vn -0.5908 -0.2227 0.7754
vn -0.6278 -0.1497 0.7638
vn 0.0746 -0.0632 0.9952
vn -0.9703 -0.2390 0.0357
vn -0.5810 -0.1534 -0.7993
vn -0.5864 -0.1632 -0.7934
vn -0.9753 -0.2198 0.0211
vn 0.1136 -0.0730 -0.9908
vn 0.6409 -0.0403 -0.7665
vn 0.6543 -0.0410 -0.7552
vn 0.1042 -0.0804 -0.9913
vn 0.9980 -0.0596 -0.0186
vn 0.7002 -0.0810 0.7093
vn 0.7099 -0.0399 0.7031
vn 0.9981 -0.0485 -0.0373
vn 0.1099 -0.1196 0.9867
vn -0.6104 -0.1867 0.7697
vn -0.6093 -0.2228 0.7609
vn 0.2059 -0.1850 0.9609
vn -0.9753 -0.2044 0.0838
vn -0.6209 -0.0205 -0.7836
vn -0.5954 0.1073 -0.7962
vn -0.9948 -0.1018 -0.0002
vn 0.1457 0.1545 -0.9772
vn 0.7035 0.1786 -0.6879
vn 0.7042 0.2040 -0.6801
vn 0.1640 0.2309 -0.9590
vn 0.9962 0.0736 0.0450
vn 0.7327 0.0037 0.6805
vn 0.7764 -0.0869 0.6242
vn 0.9961 0.0753 -0.0460
vn 0.9994 0.0279 -0.0183
vn 0.8253 -0.0269 0.5640
vn 0.7486 0.0816 0.6580
vn 0.9924 0.1227 0.0029
vn 0.7949 0.0309 -0.6059
vn 0.7486 0.0357 -0.6620
vn 0.3222 -0.1702 -0.9312
vn -0.3937 -0.4440 -0.8049
vn 0.0000 -0.9653 0.2611
vn 0.3126 -0.0699 0.9473
vn -0.6291 -0.0953 0.7714
vn 0.1888 -0.0217 0.9817
vn 0.3165 -0.0654 0.9463
vn -0.5590 -0.0673 0.8264
vn -0.9990 -0.0231 0.0369
vn -0.5976 -0.0013 -0.8018
vn 0.2192 0.0179 -0.9755
vn 0.7292 0.0415 -0.6830
vn 0.9989 0.0213 -0.0413
vn 0.7938 -0.0258 0.6075
vn 0.9899 0.1391 -0.0264
vn 0.7181 0.0780 0.6915
vn 0.6988 0.0192 0.7150
vn 0.9975 0.0627 -0.0328
vn 0.1417 -0.0814 -0.9865
vn 0.6529 0.0584 -0.7552
vn 0.6149 0.0349 -0.7878
vn 0.0804 -0.0161 -0.9966
vn 0.0000 -0.5457 0.8379
vn -0.6681 -0.1115 -0.7356
vn -0.6209 -0.0881 -0.7789
vn -0.9871 -0.1478 0.0607
vn 0.1445 -0.0306 0.9890
vn -0.6441 -0.0601 0.7626
vn -0.5991 -0.1527 0.7860
vn 0.1183 -0.0849 0.9893
vn 0.5237 -0.1303 0.8419
vn 0.2424 -0.1583 0.9571
vn 1.0000 -0.0056 0.0001
vn 0.8565 -0.0768 0.5104
vn 0.0000 -0.1746 0.9846
vn 0.8131 0.0403 -0.5807
vn 0.1171 0.0675 -0.9908
vn 0.0135 -0.2561 -0.9666
vn -0.0443 -0.4247 0.9042
vn -0.9964 -0.0699 -0.0476
vn -0.9804 -0.1604 -0.1145
vn -0.8490 -0.1136 0.5159
vn -0.8253 -0.0459 0.5628
vn -0.3699 0.0580 -0.9272
vn -0.3301 -0.0345 -0.9433
vn -0.2255 -0.1158 -0.9673
vn -0.1827 -0.1658 -0.9691
vn -0.6496 -0.1339 -0.7483
vn -0.6924 -0.0691 -0.7182
vn 0.9922 -0.0940 0.0818
vn 0.9760 -0.1631 0.1442
vn 0.5668 -0.1593 -0.8083
vn 0.5853 -0.1116 -0.8031
vn -0.3909 -0.0838 0.9166
vn -0.4067 -0.1338 0.9037
vn 0.4253 -0.1261 0.8962
vn 0.4951 -0.0776 0.8653
vn -0.1171 -0.1703 0.9784
vn -0.0746 -0.0632 0.9952
vn 0.6278 -0.1497 0.7638
vn 0.5908 -0.2227 0.7754
vn 0.9703 -0.2390 0.0357
vn 0.9753 -0.2198 0.0211
vn 0.5864 -0.1632 -0.7934
vn 0.5810 -0.1534 -0.7993
vn -0.1136 -0.0730 -0.9908
vn -0.1042 -0.0804 -0.9913
vn -0.6543 -0.0410 -0.7552
vn -0.6409 -0.0403 -0.7665
vn -0.9980 -0.0596 -0.0186
vn -0.9981 -0.0485 -0.0373
vn -0.7099 -0.0399 0.7031
vn -0.7002 -0.0810 0.7093
vn -0.1099 -0.1196 0.9867
vn -0.2059 -0.1850 0.9609
vn 0.6093 -0.2228 0.7609
vn 0.6104 -0.1867 0.7697
vn 0.9753 -0.2044 0.0838
vn 0.9948 -0.1018 -0.0002
vn 0.5954 0.1073 -0.7962
vn 0.6209 -0.0205 -0.7836
vn -0.1457 0.1545 -0.9772
vn -0.1640 0.2309 -0.9590
vn -0.7042 0.2040 -0.6801
vn -0.7035 0.1786 -0.6879
vn -0.9962 0.0736 0.0450
vn -0.9961 0.0753 -0.0460
vn -0.7764 -0.0869 0.6242
vn -0.7327 0.0037 0.6805
vn -0.9994 0.0279 -0.0183
vn -0.9924 0.1227 0.0029
vn -0.7486 0.0816 0.6580
vn -0.8253 -0.0269 0.5640
vn -0.3222 -0.1702 -0.9312
vn -0.7486 0.0357 -0.6620
vn -0.7949 0.0309 -0.6059
vn 0.3937 -0.4440 -0.8049
vn -0.3126 -0.0699 0.9473
vn -0.1888 -0.0217 0.9817
vn 0.6291 -0.0953 0.7714
vn -0.3165 -0.0654 0.9463
vn 0.5590 -0.0673 0.8264
vn 0.9990 -0.0231 0.0369
vn 0.5976 -0.0013 -0.8018
vn -0.2192 0.0179 -0.9755
vn -0.7292 0.0415 -0.6830
vn -0.9989 0.0213 -0.0413
vn -0.7938 -0.0258 0.6075
vn -0.9899 0.1391 -0.0264
vn -0.9975 0.0627 -0.0328
vn -0.6988 0.0192 0.7150
vn -0.7181 0.0780 0.6915
vn -0.1417 -0.0814 -0.9865
vn -0.0804 -0.0161 -0.9966
vn -0.6149 0.0349 -0.7878
vn -0.6529 0.0584 -0.7552
vn 0.9871 -0.1478 0.0607
vn 0.6209 -0.0881 -0.7789
vn 0.6681 -0.1115 -0.7356
vn -0.1445 -0.0307 0.9890
vn -0.1183 -0.0849 0.9893
vn 0.5991 -0.1527 0.7860
vn 0.6441 -0.0601 0.7626
vn -0.2424 -0.1583 0.9571
vn -0.5237 -0.1303 0.8419
vn -0.8565 -0.0768 0.5104
vn -1.0000 -0.0056 0.0001
vn -0.8131 0.0403 -0.5807
vn 0.4870 0.2690 -0.8309
vn 0.5000 -0.0052 -0.8660
vn 0.0000 0.0313 -0.9995
vn 0.0000 0.3533 -0.9355
vn 0.0000 0.7100 -0.7041
vn 0.4776 0.5720 -0.6668
vn 0.6448 0.4154 -0.6416
vn 0.6929 0.1725 -0.7000
vn 0.7128 -0.0810 -0.6966
vn 0.9013 -0.0019 0.4331
vn 0.9053 -0.1226 0.4068
vn 0.9893 -0.1460 0.0042
vn 0.9975 0.0673 0.0191
vn 0.8822 0.4642 0.0786
vn 0.8176 0.2860 0.4997
vn 0.7653 0.1490 0.6261
vn 0.7997 -0.0093 0.6003
vn 0.8180 -0.1056 0.5654
vn 0.7946 -0.4969 0.3487
vn 0.4754 0.2724 0.8365
vn 0.9236 0.3112 0.2239
vn 0.9673 -0.2536 0.0056
vn 0.8394 -0.5207 -0.1556
vn 0.8603 -0.4679 0.2025
vn 0.8472 -0.3824 0.3688
vn 0.7057 -0.6104 0.3597
vn 0.0000 -0.8777 0.4793
vn 0.0000 -0.7350 0.6780
vn 0.5889 0.5473 0.5947
vn 0.5973 0.7803 0.1852
vn 0.0000 0.9656 0.2598
vn 0.0000 0.7082 0.7060
vn 0.0000 0.3605 0.9327
vn 0.6066 0.2678 0.7485
vn 0.5333 0.7743 -0.3405
vn 0.7771 0.4726 -0.4156
vn 0.0000 0.9497 -0.3131
vn 0.7519 -0.2346 -0.6161
vn 0.0000 -0.3850 -0.9229
vn 0.0000 -0.5822 -0.8130
vn 0.4984 -0.4951 -0.7116
vn 0.6700 -0.3900 -0.6316
vn 0.7342 -0.4682 -0.4917
vn 0.0000 0.0150 0.9999
vn 0.6980 -0.2470 0.6720
vn 0.8368 -0.2010 0.5092
vn 0.6709 -0.1069 0.7338
vn 0.0000 -0.1317 0.9913
vn 0.0000 -0.3909 0.9204
vn 0.6420 0.0199 0.7664
vn 0.0000 0.0303 0.9995
vn 0.9069 -0.2288 0.3538
vn 0.9642 -0.2618 -0.0424
vn 0.8514 -0.2645 -0.4529
vn 0.7032 -0.2524 -0.6647
vn 0.8849 -0.1338 -0.4460
vn 0.8854 0.1032 -0.4531
vn 0.5085 -0.2310 -0.8295
vn 0.0000 -0.2348 -0.9720
vn -0.0039 -0.0652 -0.9979
vn -0.0882 -0.1514 -0.9845
vn 0.0000 -0.1297 -0.9915
vn 0.0000 -0.1105 -0.9939
vn 0.0796 0.4049 -0.9109
vn 0.0000 0.3966 -0.9180
vn 0.0675 -0.1086 0.9918
vn 0.0945 0.0983 0.9907
vn 0.0000 0.1850 0.9827
vn 0.0000 -0.1001 0.9950
vn 0.0549 0.0023 0.9985
vn 0.0684 -0.0207 0.9974
vn 0.0000 0.0189 0.9998
vn 0.0000 -0.0269 0.9996
vn 0.0844 -0.1243 0.9886
vn 0.0000 -0.1292 0.9916
vn -0.1678 0.1498 -0.9743
vn -0.2252 -0.3924 -0.8918
vn 0.0000 -0.4617 -0.8870
vn 0.0000 0.1353 -0.9908
vn 0.1378 0.5943 0.7923
vn 0.2808 0.7838 0.5538
vn 0.0000 0.6013 0.7990
vn 0.0000 0.6717 0.7408
vn 0.3567 0.7455 -0.5629
vn 0.0000 0.5587 -0.8293
vn 0.0000 0.3467 -0.9380
vn 0.7697 0.4191 -0.4815
vn -0.5836 -0.7729 -0.2489
vn -0.1028 -0.3728 0.9222
vn 0.0000 -0.7492 0.6623
vn 0.0000 -0.9941 -0.1079
vn -0.1487 0.0608 -0.9870
vn 0.0000 0.1610 -0.9869
vn 0.9998 -0.0078 -0.0154
vn 0.9990 -0.0453 -0.0008
vn 0.9128 -0.0763 0.4011
vn 0.8845 -0.1001 0.4555
vn 0.9917 -0.1280 -0.0070
vn 0.9127 -0.0878 0.3991
vn -0.1340 -0.9872 -0.0863
vn 0.6111 -0.1854 0.7695
vn 0.4339 -0.1666 -0.8854
vn 0.4109 0.0069 -0.9116
vn 0.9966 -0.0667 -0.0480
vn 0.8070 -0.0502 0.5884
vn 0.8324 0.1182 0.5414
vn 0.9780 0.1279 -0.1649
vn 0.3919 0.9169 0.0752
vn 0.6200 0.7647 0.1755
vn 0.3460 0.8316 0.4344
vn 0.4694 0.4765 0.7433
vn 0.2965 0.1231 -0.9471
vn 0.2519 -0.0385 -0.9670
vn 0.4694 -0.1382 0.8721
vn 0.5474 -0.0625 0.8345
vn 0.5650 -0.0457 0.8238
vn 0.5214 -0.1096 0.8462
vn 0.4490 -0.0140 0.8934
vn 0.4264 0.3401 -0.8381
vn 0.3271 -0.1603 -0.9313
vn 0.1217 -0.1146 -0.9859
vn 0.6925 -0.0658 -0.7183
vn 0.5604 0.1093 -0.8210
vn -0.0304 0.0304 -0.9991
vn -0.9895 -0.0852 0.1163
vn -0.7116 -0.1007 -0.6953
vn -0.7461 0.0193 -0.6656
vn -0.9752 -0.0803 0.2060
vn 0.3393 -0.0768 0.9375
vn -0.5350 -0.0753 0.8415
vn -0.4511 -0.0565 0.8907
vn 0.3541 0.0135 0.9351
vn 0.0730 -0.1624 0.9840
vn -0.6269 -0.2133 0.7493
vn -0.6732 -0.1469 0.7247
vn 0.0157 -0.0790 0.9967
vn -0.9720 -0.2238 0.0712
vn -0.6905 -0.1592 -0.7056
vn -0.7047 -0.1691 -0.6890
vn -0.9771 -0.2052 0.0561
vn 0.0277 -0.0825 -0.9962
vn 0.6406 -0.0384 -0.7669
vn 0.6547 -0.0390 -0.7548
vn -0.0011 -0.0952 -0.9955
vn 0.9982 -0.0566 -0.0189
vn 0.6858 -0.0816 0.7231
vn 0.6975 -0.0308 0.7159
vn 0.9983 -0.0461 -0.0365
vn 0.0518 -0.1092 0.9926
vn -0.6600 -0.1862 0.7278
vn -0.6529 -0.2105 0.7275
vn 0.1329 -0.1904 0.9727
vn -0.9736 -0.2002 0.1098
vn -0.7412 -0.0587 -0.6687
vn -0.7207 0.0685 -0.6898
vn -0.9937 -0.1029 0.0433
vn 0.0329 0.1282 -0.9912
vn 0.7038 0.1709 -0.6895
vn 0.7058 0.1947 -0.6811
vn 0.0674 0.2130 -0.9747
vn 0.9966 0.0710 0.0420
vn 0.7192 -0.0095 0.6947
vn 0.7581 -0.0873 0.6462
vn 0.9964 0.0714 -0.0452
vn 0.9995 0.0248 -0.0200
vn 0.8292 -0.0438 0.5572
vn 0.7405 0.0778 0.6675
vn 0.9932 0.1164 0.0027
vn 0.7934 0.0271 -0.6081
vn 0.7490 0.0340 -0.6617
vn 0.2409 -0.1751 -0.9546
vn -0.5976 -0.2956 -0.7453
vn -0.9933 -0.0733 0.0893
vn 0.2879 -0.0881 0.9536
vn -0.6425 -0.0620 0.7638
vn 0.1645 -0.0224 0.9861
vn 0.2563 -0.0705 0.9640
vn -0.6037 -0.0631 0.7946
vn -0.9973 -0.0206 0.0696
vn -0.7130 -0.0057 -0.7011
vn 0.1276 0.0147 -0.9917
vn 0.7294 0.0395 -0.6829
vn 0.9990 0.0201 -0.0403
vn 0.7796 -0.0244 0.6257
vn 0.9908 0.1330 -0.0262
vn 0.7106 0.0728 0.6998
vn 0.6895 0.0160 0.7240
vn 0.9977 0.0599 -0.0328
vn 0.0546 -0.0826 -0.9951
vn 0.6529 0.0551 -0.7554
vn 0.6148 0.0331 -0.7880
vn -0.0024 -0.0252 -0.9997
vn -0.9946 -0.0483 0.0919
vn -0.7362 -0.1015 -0.6690
vn -0.7072 -0.1051 -0.6991
vn -0.9828 -0.1619 0.0890
vn 0.1167 -0.0312 0.9926
vn -0.6516 -0.0612 0.7561
vn -0.6197 -0.1578 0.7688
vn 0.0869 -0.0804 0.9930
vn 0.8880 -0.0403 -0.4580
vn 0.8421 0.0344 -0.5382
vn 0.3986 -0.3260 -0.8572
vn 0.8848 -0.1510 -0.4407
vn 0.4421 0.1239 -0.8883
vn 0.6602 0.3285 0.6754
vn 0.6092 0.6904 0.3901
vn 0.6391 0.7691 0.0032
vn 0.6015 0.6456 -0.4706
vn 0.3887 0.8033 -0.4512
vn 0.1852 -0.1292 -0.9742
vn 0.8640 0.1783 -0.4708
vn 0.8744 0.2182 -0.4332
vn 0.1611 -0.2059 -0.9652
vn 0.9576 0.2558 0.1320
vn 0.7942 0.1927 0.5762
vn 0.7390 0.4136 0.5317
vn 0.9001 0.4286 0.0780
vn 0.2023 -0.1400 0.9692
vn -0.5811 -0.4629 0.6693
vn -0.8531 -0.1364 0.5035
vn -0.0643 0.2626 0.9627
vn 0.6612 0.4277 -0.6163
vn 0.1081 0.0006 -0.9941
vn -0.7840 -0.3609 -0.5050
vn -0.9304 -0.3663 -0.0094
vn -0.7865 -0.2881 0.5463
vn 0.3561 0.1799 0.9170
vn 0.7200 0.5004 0.4808
vn 0.8274 0.5616 -0.0041
vn 0.9198 0.2940 0.2599
vn 0.7658 0.3662 0.5287
vn 0.7785 0.5184 0.3538
vn 0.8843 0.4557 0.1014
vn 0.9783 0.1053 -0.1784
vn 0.9254 0.3118 -0.2153
vn -0.2010 0.1836 0.9622
vn -0.9097 -0.2643 0.3201
vn -0.9857 -0.0309 0.1657
vn -0.1906 0.6292 0.7535
vn -0.6620 -0.4406 -0.6063
vn -0.6613 -0.4149 -0.6249
vn -0.8312 -0.5545 0.0397
vn -0.9138 -0.3982 -0.0802
vn 0.1407 -0.4417 -0.8860
vn 0.3358 0.0099 -0.9419
vn -0.7436 -0.4848 -0.4605
vn -0.8021 -0.2401 -0.5467
vn -0.9225 -0.3782 -0.0761
vn -0.9907 -0.0734 -0.1146
vn 0.7651 0.3428 0.5450
vn 0.1827 0.0358 0.9825
vn -0.6841 -0.3310 0.6499
vn -0.8826 -0.4692 0.0292
vn -0.6993 -0.3937 -0.5967
vn 0.1074 -0.1169 -0.9873
vn 0.7569 0.2702 -0.5950
vn 0.9295 0.3654 0.0504
vn -0.8905 0.0606 0.4508
vn -0.9333 -0.3485 -0.0869
vn -0.8728 -0.4844 -0.0599
vn -0.8513 -0.2064 0.4823
vn -0.6533 -0.4730 -0.5911
vn -0.6501 -0.5639 -0.5092
vn 0.1434 -0.3650 -0.9199
vn 0.0994 -0.4900 -0.8660
vn 0.8934 0.1856 -0.4090
vn 0.9648 0.0448 -0.2592
vn 0.6703 0.5185 0.5308
vn -0.1582 0.5076 0.8469
vn -0.1799 0.1741 0.9681
vn 0.6978 0.3366 0.6323
vn 0.8871 0.4155 0.2010
vn 0.9033 0.2504 0.3484
vn -0.9358 0.2759 0.2193
vn -0.2547 0.5210 0.8147
vn -0.7860 -0.1155 -0.6073
vn -0.8514 0.2262 -0.4733
vn 0.7890 0.3650 0.4942
vn 0.3479 0.0200 -0.9373
vn 0.9445 0.2200 0.2437
vn 0.9646 0.1760 -0.1964
vn -0.8081 -0.1751 -0.5623
vn 0.2804 -0.1233 -0.9519
vn 0.2416 -0.2781 -0.9297
vn -0.8534 -0.1790 -0.4896
vn 0.9969 -0.0170 -0.0765
vn 0.9315 0.0044 0.3637
vn 0.9227 0.0100 0.3853
vn 0.9963 -0.0353 0.0778
vn 0.7864 0.0900 0.6111
vn 0.8521 0.0887 0.5157
vn -0.3325 0.1231 0.9350
vn -0.7888 -0.0741 0.6102
vn -0.9987 -0.0005 0.0512
vn -0.3158 0.2603 0.9124
vn -0.6291 -0.4824 -0.6095
vn -0.9887 -0.0872 -0.1220
vn 0.8449 -0.1484 0.5139
vn 0.8884 -0.2971 0.3500
vn 0.9441 -0.2664 0.1941
vn 0.4793 -0.4170 -0.7722
vn -0.8556 -0.0043 -0.5176
vn -0.1343 0.2520 0.9584
vn 0.7418 -0.6025 0.2945
vn 0.8077 -0.5629 0.1755
vn 0.3786 -0.5600 -0.7369
vn -0.7435 0.2579 -0.6169
vn -0.3562 -0.1445 0.9232
vn 0.6747 -0.5326 0.5109
vn -0.9671 0.2396 -0.0858
vn -0.9560 0.2103 -0.2047
vn -0.8577 0.4477 -0.2527
vn -0.8744 0.4623 -0.1471
vn -0.6619 -0.4162 0.6235
vn 0.5797 -0.6554 0.4841
vn -0.9082 0.2289 -0.3504
vn -0.9068 0.3591 -0.2208
vn -0.8014 0.1952 -0.5653
vn 0.7491 -0.6248 0.2201
vn 0.6819 -0.6523 0.3309
vn -0.4026 -0.9135 0.0585
vn 0.0016 -0.8096 -0.5870
vn -0.6604 0.6287 0.4105
vn 0.4280 -0.2817 0.8587
vn -0.6199 0.3180 -0.7173
vn -0.7306 0.1149 -0.6730
vn -0.7270 0.1767 0.6635
vn 0.6889 -0.3874 -0.6126
vn 0.5983 -0.2392 -0.7647
vn 0.6745 -0.2329 0.7006
vn 0.5660 -0.5658 0.5995
vn 0.4667 -0.6516 -0.5979
vn -0.5734 -0.5268 0.6273
vn -0.6427 -0.6064 -0.4681
vn -0.9939 0.0129 0.1097
vn -0.9878 0.0307 0.1528
vn -0.7497 0.1208 -0.6507
vn -0.7117 -0.1251 -0.6912
vn -0.1530 -0.1680 -0.9738
vn -0.1526 0.1707 -0.9734
vn 0.4392 0.1895 -0.8781
vn 0.3774 -0.1242 -0.9177
vn 0.9951 0.0374 -0.0912
vn 0.7548 0.6472 0.1070
vn 0.6568 0.5575 0.5076
vn 0.7684 0.1528 0.6214
vn 0.1666 0.2228 0.9605
vn 0.1105 0.7259 0.6789
vn -0.4716 0.5557 0.6847
vn -0.5423 0.1614 0.8245
vn -0.0008 -0.9999 0.0108
vn 0.7190 -0.6931 -0.0517
vn 0.6272 -0.5072 0.5910
vn 0.1296 -0.6310 0.7649
vn 0.0446 0.9474 0.3170
vn -0.6964 0.6449 0.3148
vn 0.1915 0.6076 0.7708
vn -0.6638 0.3376 0.6673
vn -0.0075 -0.9987 -0.0510
vn 0.6751 -0.6845 -0.2749
vn 0.7002 -0.7070 -0.0996
vn 0.0001 -1.0000 0.0001
vn 0.9551 0.0063 -0.2962
vn 0.9508 0.2127 -0.2252
vn 0.8115 0.4697 0.3477
vn 0.9918 0.0561 -0.1146
vn -0.9817 0.0375 0.1863
vn -0.9849 0.0493 0.1660
vn -0.6998 -0.7073 0.1000
vn -0.7082 -0.6905 0.1472
vn -0.7107 -0.7034 0.0124
vn -0.4213 -0.4975 0.7583
vn -0.6147 -0.6614 -0.4297
vn -0.0879 -0.8150 -0.5726
vn 0.3485 -0.6837 -0.6411
vn -0.4870 0.2690 -0.8309
vn -0.5000 -0.0052 -0.8660
vn -0.4776 0.5720 -0.6668
vn -0.6929 0.1725 -0.7000
vn -0.6448 0.4154 -0.6416
vn -0.7128 -0.0810 -0.6966
vn -0.9013 -0.0019 0.4331
vn -0.9975 0.0673 0.0191
vn -0.9893 -0.1460 0.0042
vn -0.9053 -0.1226 0.4068
vn -0.8176 0.2860 0.4997
vn -0.8822 0.4642 0.0786
vn -0.7997 -0.0093 0.6003
vn -0.7653 0.1490 0.6261
vn -0.8180 -0.1056 0.5654
vn -0.7946 -0.4969 0.3487
vn -0.9673 -0.2536 0.0056
vn -0.9236 0.3112 0.2239
vn -0.4754 0.2724 0.8365
vn -0.8603 -0.4679 0.2025
vn -0.8394 -0.5207 -0.1556
vn -0.7057 -0.6104 0.3597
vn -0.8472 -0.3824 0.3688
vn -0.5889 0.5473 0.5947
vn -0.5973 0.7803 0.1852
vn -0.6066 0.2678 0.7485
vn -0.5333 0.7743 -0.3405
vn -0.7771 0.4726 -0.4156
vn -0.7519 -0.2346 -0.6161
vn -0.4984 -0.4951 -0.7116
vn -0.7342 -0.4682 -0.4917
vn -0.6700 -0.3900 -0.6316
vn -0.6980 -0.2470 0.6720
vn -0.8368 -0.2010 0.5092
vn -0.6709 -0.1069 0.7338
vn -0.6420 0.0199 0.7664
vn -0.9069 -0.2288 0.3538
vn -0.9642 -0.2618 -0.0424
vn -0.8514 -0.2645 -0.4529
vn -0.7032 -0.2524 -0.6647
vn -0.8849 -0.1338 -0.4460
vn -0.8854 0.1032 -0.4531
vn -0.5085 -0.2310 -0.8295
vn 0.0039 -0.0652 -0.9979
vn 0.0882 -0.1514 -0.9845
vn -0.0796 0.4049 -0.9109
vn -0.0675 -0.1086 0.9918
vn -0.0945 0.0983 0.9907
vn -0.0549 0.0023 0.9985
vn -0.0684 -0.0207 0.9974
vn -0.0844 -0.1243 0.9886
vn 0.1678 0.1498 -0.9743
vn 0.2252 -0.3924 -0.8918
vn -0.1378 0.5943 0.7923
vn -0.2808 0.7838 0.5538
vn -0.3567 0.7455 -0.5629
vn -0.7697 0.4191 -0.4815
vn 0.5836 -0.7729 -0.2489
vn 0.1028 -0.3728 0.9222
vn 0.1487 0.0608 -0.9870
vn -0.9998 -0.0078 -0.0154
vn -0.8845 -0.1001 0.4555
vn -0.9128 -0.0763 0.4011
vn -0.9990 -0.0453 -0.0008
vn -0.9127 -0.0878 0.3991
vn -0.9917 -0.1280 -0.0070
vn -0.6111 -0.1854 0.7695
vn 0.1340 -0.9872 -0.0863
vn -0.4339 -0.1666 -0.8854
vn -0.4109 0.0069 -0.9116
vn -0.9966 -0.0667 -0.0480
vn -0.9780 0.1279 -0.1649
vn -0.8324 0.1182 0.5414
vn -0.8070 -0.0502 0.5884
vn -0.3919 0.9169 0.0752
vn -0.3460 0.8316 0.4344
vn -0.6200 0.7647 0.1755
vn -0.4694 0.4765 0.7433
vn -0.2965 0.1231 -0.9471
vn -0.2519 -0.0385 -0.9670
vn -0.4694 -0.1382 0.8721
vn -0.5474 -0.0625 0.8345
vn -0.5650 -0.0457 0.8238
vn -0.5214 -0.1096 0.8462
vn -0.4490 -0.0140 0.8934
vn -0.4264 0.3401 -0.8381
vn -0.3271 -0.1603 -0.9313
vn -0.1217 -0.1146 -0.9859
vn 0.0304 0.0304 -0.9991
vn -0.5604 0.1093 -0.8210
vn -0.6925 -0.0658 -0.7183
vn 0.9895 -0.0852 0.1163
vn 0.9752 -0.0803 0.2060
vn 0.7461 0.0193 -0.6656
vn 0.7116 -0.1007 -0.6953
vn -0.3393 -0.0768 0.9375
vn -0.3541 0.0135 0.9351
vn 0.4511 -0.0565 0.8907
vn 0.5350 -0.0753 0.8415
vn -0.0730 -0.1624 0.9840
vn -0.0157 -0.0791 0.9967
vn 0.6732 -0.1469 0.7247
vn 0.6269 -0.2133 0.7493
vn 0.9720 -0.2238 0.0712
vn 0.9771 -0.2052 0.0561
vn 0.7047 -0.1691 -0.6890
vn 0.6905 -0.1592 -0.7056
vn -0.0277 -0.0825 -0.9962
vn 0.0011 -0.0952 -0.9955
vn -0.6547 -0.0390 -0.7548
vn -0.6406 -0.0384 -0.7669
vn -0.9982 -0.0566 -0.0189
vn -0.9983 -0.0461 -0.0365
vn -0.6975 -0.0308 0.7159
vn -0.6858 -0.0817 0.7231
vn -0.0518 -0.1092 0.9926
vn -0.1329 -0.1904 0.9727
vn 0.6529 -0.2105 0.7275
vn 0.6600 -0.1862 0.7278
vn 0.9736 -0.2002 0.1098
vn 0.9937 -0.1029 0.0433
vn 0.7207 0.0685 -0.6898
vn 0.7412 -0.0587 -0.6687
vn -0.0329 0.1282 -0.9912
vn -0.0674 0.2130 -0.9747
vn -0.7058 0.1947 -0.6811
vn -0.7038 0.1709 -0.6895
vn -0.9966 0.0710 0.0420
vn -0.9964 0.0714 -0.0452
vn -0.7581 -0.0873 0.6462
vn -0.7192 -0.0095 0.6947
vn -0.9995 0.0248 -0.0200
vn -0.9932 0.1164 0.0027
vn -0.7405 0.0778 0.6675
vn -0.8292 -0.0438 0.5572
vn -0.2409 -0.1751 -0.9546
vn -0.7490 0.0340 -0.6617
vn -0.7934 0.0271 -0.6081
vn 0.9933 -0.0733 0.0893
vn 0.5976 -0.2956 -0.7453
vn -0.2879 -0.0881 0.9536
vn -0.1645 -0.0225 0.9861
vn 0.6425 -0.0620 0.7638
vn -0.2563 -0.0705 0.9640
vn 0.6037 -0.0631 0.7946
vn 0.9973 -0.0206 0.0696
vn 0.7130 -0.0057 -0.7011
vn -0.1276 0.0147 -0.9917
vn -0.7294 0.0395 -0.6829
vn -0.9990 0.0201 -0.0403
vn -0.7796 -0.0244 0.6257
vn -0.9908 0.1330 -0.0262
vn -0.9977 0.0599 -0.0328
vn -0.6895 0.0160 0.7240
vn -0.7106 0.0728 0.6998
vn -0.0546 -0.0826 -0.9951
vn 0.0024 -0.0252 -0.9997
vn -0.6148 0.0331 -0.7880
vn -0.6529 0.0552 -0.7554
vn 0.9946 -0.0483 0.0919
vn 0.9828 -0.1619 0.0890
vn 0.7072 -0.1051 -0.6991
vn 0.7362 -0.1015 -0.6690
vn -0.1167 -0.0312 0.9926
vn -0.0869 -0.0804 0.9930
vn 0.6197 -0.1578 0.7688
vn 0.6516 -0.0612 0.7561
vn -0.8880 -0.0403 -0.4580
vn -0.8421 0.0344 -0.5382
vn -0.3986 -0.3260 -0.8572
vn -0.8848 -0.1510 -0.4407
vn -0.4421 0.1239 -0.8883
vn -0.6602 0.3285 0.6754
vn -0.6092 0.6904 0.3901
vn -0.6391 0.7691 0.0032
vn -0.6015 0.6456 -0.4706
vn -0.3887 0.8033 -0.4512
vn -0.1852 -0.1292 -0.9742
vn -0.1611 -0.2059 -0.9652
vn -0.8744 0.2182 -0.4332
vn -0.8640 0.1783 -0.4708
vn -0.9576 0.2558 0.1320
vn -0.9001 0.4286 0.0780
vn -0.7390 0.4136 0.5317
vn -0.7942 0.1927 0.5762
vn -0.2023 -0.1400 0.9692
vn 0.0643 0.2626 0.9627
vn 0.8531 -0.1364 0.5035
vn 0.5811 -0.4629 0.6693
vn -0.1081 0.0006 -0.9941
vn -0.6612 0.4277 -0.6163
vn 0.7840 -0.3609 -0.5050
vn 0.9304 -0.3663 -0.0094
vn 0.7865 -0.2881 0.5463
vn -0.7200 0.5004 0.4808
vn -0.3561 0.1799 0.9170
vn -0.8274 0.5616 -0.0041
vn -0.9198 0.2940 0.2599
vn -0.8843 0.4557 0.1014
vn -0.7785 0.5184 0.3538
vn -0.7658 0.3662 0.5287
vn -0.9783 0.1053 -0.1784
vn -0.9254 0.3119 -0.2153
vn 0.2010 0.1836 0.9622
vn 0.1906 0.6292 0.7535
vn 0.9857 -0.0309 0.1657
vn 0.9097 -0.2643 0.3201
vn 0.6620 -0.4406 -0.6063
vn 0.6613 -0.4149 -0.6249
vn 0.8312 -0.5545 0.0397
vn 0.9138 -0.3982 -0.0802
vn -0.1407 -0.4417 -0.8860
vn -0.3358 0.0099 -0.9419
vn 0.7436 -0.4848 -0.4605
vn 0.8021 -0.2401 -0.5467
vn 0.9225 -0.3782 -0.0761
vn 0.9907 -0.0734 -0.1146
vn -0.7651 0.3428 0.5450
vn -0.1827 0.0358 0.9825
vn 0.6841 -0.3310 0.6499
vn 0.8826 -0.4692 0.0292
vn 0.6993 -0.3937 -0.5967
vn -0.1074 -0.1169 -0.9873
vn -0.7569 0.2702 -0.5950
vn -0.9295 0.3654 0.0504
vn 0.8905 0.0606 0.4508
vn 0.8513 -0.2064 0.4823
vn 0.8728 -0.4844 -0.0599
vn 0.9333 -0.3485 -0.0869
vn 0.6501 -0.5639 -0.5092
vn 0.6533 -0.4730 -0.5911
vn -0.0994 -0.4900 -0.8660
vn -0.1434 -0.3650 -0.9199
vn -0.9648 0.0448 -0.2592
vn -0.8934 0.1856 -0.4090
vn -0.6703 0.5185 0.5308
vn -0.6978 0.3366 0.6323
vn 0.1799 0.1741 0.9681
vn 0.1582 0.5076 0.8469
vn -0.9033 0.2504 0.3484
vn -0.8871 0.4155 0.2010
vn 0.2547 0.5210 0.8147
vn 0.9358 0.2759 0.2193
vn 0.8514 0.2262 -0.4733
vn 0.7860 -0.1155 -0.6073
vn -0.7890 0.3650 0.4942
vn -0.3479 0.0200 -0.9373
vn -0.9646 0.1760 -0.1964
vn -0.9445 0.2200 0.2437
vn 0.8081 -0.1751 -0.5623
vn 0.8534 -0.1790 -0.4896
vn -0.2416 -0.2781 -0.9297
vn -0.2804 -0.1233 -0.9519
vn -0.9969 -0.0170 -0.0765
vn -0.9963 -0.0353 0.0778
vn -0.9227 0.0100 0.3853
vn -0.9315 0.0044 0.3637
vn -0.8521 0.0887 0.5157
vn -0.7864 0.0900 0.6111
vn 0.3325 0.1231 0.9350
vn 0.3158 0.2603 0.9124
vn 0.9987 -0.0005 0.0512
vn 0.7888 -0.0741 0.6102
vn 0.6291 -0.4824 -0.6095
vn 0.9887 -0.0872 -0.1220
vn -0.8884 -0.2971 0.3500
vn -0.8449 -0.1484 0.5139
vn -0.9441 -0.2664 0.1941
vn 0.8556 -0.0043 -0.5176
vn -0.4793 -0.4170 -0.7722
vn 0.1343 0.2520 0.9584
vn -0.8077 -0.5629 0.1755
vn -0.7418 -0.6025 0.2945
vn 0.7435 0.2579 -0.6169
vn -0.3786 -0.5600 -0.7369
vn -0.6747 -0.5326 0.5109
vn 0.3562 -0.1445 0.9232
vn 0.9671 0.2396 -0.0858
vn 0.8744 0.4623 -0.1471
vn 0.8577 0.4477 -0.2527
vn 0.9560 0.2103 -0.2047
vn -0.5797 -0.6554 0.4841
vn 0.6619 -0.4162 0.6235
vn 0.9068 0.3591 -0.2208
vn 0.9082 0.2289 -0.3504
vn 0.8014 0.1952 -0.5653
vn -0.7491 -0.6248 0.2201
vn -0.0016 -0.8096 -0.5870
vn 0.4026 -0.9135 0.0585
vn -0.6819 -0.6523 0.3309
vn -0.4280 -0.2817 0.8587
vn 0.6604 0.6287 0.4105
vn 0.7270 0.1767 0.6635
vn 0.7306 0.1149 -0.6730
vn 0.6199 0.3180 -0.7173
vn -0.6889 -0.3874 -0.6126
vn -0.5983 -0.2392 -0.7647
vn -0.4667 -0.6516 -0.5979
vn -0.5660 -0.5658 0.5995
vn -0.6745 -0.2329 0.7006
vn 0.5734 -0.5268 0.6273
vn 0.6427 -0.6064 -0.4681
vn 0.9939 0.0129 0.1097
vn 0.7117 -0.1251 -0.6912
vn 0.7497 0.1208 -0.6507
vn 0.9878 0.0307 0.1528
vn 0.1530 -0.1680 -0.9738
vn -0.3774 -0.1242 -0.9177
vn -0.4392 0.1895 -0.8781
vn 0.1526 0.1707 -0.9734
vn -0.9951 0.0374 -0.0912
vn -0.7684 0.1528 0.6214
vn -0.6568 0.5575 0.5076
vn -0.7548 0.6472 0.1070
vn -0.1666 0.2228 0.9605
vn 0.5423 0.1614 0.8245
vn 0.4716 0.5557 0.6847
vn -0.1105 0.7259 0.6789
vn 0.0008 -0.9999 0.0108
vn -0.1296 -0.6310 0.7649
vn -0.6272 -0.5072 0.5910
vn -0.7190 -0.6931 -0.0517
vn -0.0446 0.9474 0.3170
vn 0.6964 0.6449 0.3148
vn -0.1915 0.6076 0.7708
vn 0.6638 0.3376 0.6673
vn 0.0075 -0.9987 -0.0510
vn -0.0001 -1.0000 0.0001
vn -0.7002 -0.7070 -0.0996
vn -0.6751 -0.6845 -0.2749
vn -0.9551 0.0063 -0.2962
vn -0.9918 0.0561 -0.1146
vn -0.8114 0.4697 0.3477
vn -0.9508 0.2127 -0.2252
vn 0.9817 0.0375 0.1863
vn 0.9849 0.0493 0.1660
vn 0.6998 -0.7073 0.1000
vn 0.7082 -0.6905 0.1472
vn 0.7107 -0.7034 0.0124
vn 0.4213 -0.4975 0.7583
vn 0.6147 -0.6614 -0.4297
vn 0.0879 -0.8151 -0.5726
vn -0.3485 -0.6837 -0.6411
o Boots_Cube.004
f 15//1 4//2 56//3
f 15//1 56//3 12//4
f 11//5 5//6 1//7
f 11//5 1//7 8//8
f 14//9 6//10 2//11
f 14//9 2//11 13//12
f 10//13 7//14 3//15
f 10//13 3//15 9//16
f 4//2 10//13 9//16
f 4//2 9//16 56//3
f 6//10 11//5 8//8
f 6//10 8//8 2//11
f 7//14 14//9 13//12
f 7//14 13//12 3//15
f 5//6 15//1 12//4
f 5//6 12//4 1//7
f 55//17 39//18 19//19
f 55//17 19//19 45//20
f 53//21 32//22 23//23
f 53//21 23//23 46//24
f 49//25 30//26 21//27
f 49//25 21//27 47//28
f 52//29 34//30 17//31
f 52//29 17//31 44//32
f 38//33 28//34 20//35
f 38//33 20//35 33//36
f 36//37 26//38 17//31
f 36//37 17//31 34//30
f 35//39 27//40 26//38
f 35//39 26//38 36//37
f 43//41 40//42 29//43
f 43//41 29//43 37//44
f 37//44 29//43 28//34
f 37//44 28//34 38//33
f 54//45 42//46 57//47
f 54//45 57//47 48//48
f 48//48 57//47 30//26
f 48//48 30//26 49//25
f 44//32 17//31 26//38
f 44//32 26//38 50//49
f 50//49 26//38 27//40
f 50//49 27//40 51//50
f 24//51 37//44 38//33
f 24//51 38//33 25//52
f 41//53 43//41 37//44
f 41//53 37//44 24//51
f 57//47 35//39 36//37
f 57//47 36//37 30//26
f 30//26 36//37 34//30
f 30//26 34//30 21//27
f 25//52 38//33 33//36
f 25//52 33//36 16//54
f 47//28 21//27 34//30
f 47//28 34//30 52//29
f 45//20 19//19 32//22
f 45//20 32//22 53//21
f 18//55 31//56 43//41
f 18//55 43//41 41//53
f 46//24 23//23 42//46
f 46//24 42//46 54//45
f 31//56 22//57 40//42
f 31//56 40//42 43//41
f 51//50 27//40 39//18
f 51//50 39//18 55//17
f 12//4 42//46 23//23
f 12//4 23//23 1//7
f 1//7 23//23 32//22
f 1//7 32//22 8//8
f 8//8 32//22 19//19
f 8//8 19//19 2//11
f 2//11 19//19 39//18
f 2//11 39//18 13//12
f 13//12 39//18 27//40
f 13//12 27//40 3//15
f 3//15 27//40 35//39
f 3//15 35//39 9//16
f 9//16 35//39 57//47
f 9//16 57//47 56//3
f 56//3 57//47 42//46
f 56//3 42//46 12//4
f 24//51 51//50 55//17
f 24//51 55//17 41//53
f 22//57 46//24 54//45
f 22//57 54//45 40//42
f 18//55 45//20 53//21
f 18//55 53//21 31//56
f 20//35 47//28 52//29
f 20//35 52//29 33//36
f 25//52 50//49 51//50
f 25//52 51//50 24//51
f 16//54 44//32 50//49
f 16//54 50//49 25//52
f 29//43 48//48 49//25
f 29//43 49//25 28//34
f 40//42 54//45 48//48
f 40//42 48//48 29//43
f 33//36 52//29 44//32
f 33//36 44//32 16//54
f 28//34 49//25 47//28
f 28//34 47//28 20//35
f 31//56 53//21 46//24
f 31//56 46//24 22//57
f 41//53 55//17 45//20
f 41//53 45//20 18//55
f 72//58 69//59 113//60
f 72//58 113//60 61//61
f 68//62 65//63 58//64
f 68//62 58//64 62//65
f 71//66 70//67 59//68
f 71//66 59//68 63//69
f 67//70 66//71 60//72
f 67//70 60//72 64//73
f 61//61 113//60 66//71
f 61//61 66//71 67//70
f 63//69 59//68 65//63
f 63//69 65//63 68//62
f 64//73 60//72 70//67
f 64//73 70//67 71//66
f 62//65 58//64 69//59
f 62//65 69//59 72//58
f 112//74 102//75 76//76
f 112//74 76//76 96//77
f 110//78 103//79 80//80
f 110//78 80//80 89//81
f 106//82 104//83 78//84
f 106//82 78//84 87//85
f 109//86 101//87 74//88
f 109//86 74//88 91//89
f 95//90 90//91 77//92
f 95//90 77//92 85//93
f 93//94 91//89 74//88
f 93//94 74//88 83//95
f 92//96 93//94 83//95
f 92//96 83//95 84//97
f 100//98 94//99 86//100
f 100//98 86//100 97//101
f 94//99 95//90 85//93
f 94//99 85//93 86//100
f 111//102 105//103 114//104
f 111//102 114//104 99//105
f 105//103 106//82 87//85
f 105//103 87//85 114//104
f 101//87 107//106 83//95
f 101//87 83//95 74//88
f 107//106 108//107 84//97
f 107//106 84//97 83//95
f 81//108 82//109 95//90
f 81//108 95//90 94//99
f 98//110 81//108 94//99
f 98//110 94//99 100//98
f 114//104 87//85 93//94
f 114//104 93//94 92//96
f 87//85 78//84 91//89
f 87//85 91//89 93//94
f 82//109 73//111 90//91
f 82//109 90//91 95//90
f 104//83 109//86 91//89
f 104//83 91//89 78//84
f 102//75 110//78 89//81
f 102//75 89//81 76//76
f 75//112 98//110 100//98
f 75//112 100//98 88//113
f 103//79 111//102 99//105
f 103//79 99//105 80//80
f 88//113 100//98 97//101
f 88//113 97//101 79//114
f 108//107 112//74 96//77
f 108//107 96//77 84//97
f 69//59 58//64 80//80
f 69//59 80//80 99//105
f 58//64 65//63 89//81
f 58//64 89//81 80//80
f 65//63 59//68 76//76
f 65//63 76//76 89//81
f 59//68 70//67 96//77
f 59//68 96//77 76//76
f 70//67 60//72 84//97
f 70//67 84//97 96//77
f 60//72 66//71 92//96
f 60//72 92//96 84//97
f 66//71 113//60 114//104
f 66//71 114//104 92//96
f 113//60 69//59 99//105
f 113//60 99//105 114//104
f 81//108 98//110 112//74
f 81//108 112//74 108//107
f 79//114 97//101 111//102
f 79//114 111//102 103//79
f 75//112 88//113 110//78
f 75//112 110//78 102//75
f 77//92 90//91 109//86
f 77//92 109//86 104//83
f 82//109 81//108 108//107
f 82//109 108//107 107//106
f 73//111 82//109 107//106
f 73//111 107//106 101//87
f 86//100 85//93 106//82
f 86//100 106//82 105//103
f 97//101 86//100 105//103
f 97//101 105//103 111//102
f 90//91 73//111 101//87
f 90//91 101//87 109//86
f 85//93 77//92 104//83
f 85//93 104//83 106//82
f 88//113 79//114 103//79
f 88//113 103//79 110//78
f 98//110 75//112 102//75
f 98//110 102//75 112//74
o WhiteShirt_Cube.003
f 125//115 126//116 176//117
f 125//115 176//117 177//118
f 150//119 125//115 177//118
f 150//119 177//118 212//120
f 166//121 124//122 178//123
f 166//121 178//123 231//124
f 122//125 123//126 179//127
f 122//125 179//127 180//128
f 130//129 122//125 180//128
f 130//129 180//128 191//130
f 149//131 121//132 172//133
f 149//131 172//133 213//134
f 126//116 127//135 175//136
f 126//116 175//136 176//117
f 145//137 142//138 115//139
f 145//137 115//139 165//140
f 142//138 143//141 118//142
f 142//138 118//142 115//139
f 143//141 156//143 119//144
f 143//141 119//144 118//142
f 137//145 138//146 127//135
f 137//145 127//135 126//116
f 146//147 144//148 121//132
f 146//147 121//132 132//149
f 152//150 132//149 121//132
f 152//150 121//132 149//131
f 139//151 133//152 122//125
f 139//151 122//125 130//129
f 133//152 134//153 123//126
f 133//152 123//126 122//125
f 167//154 135//155 124//122
f 167//154 124//122 166//121
f 151//156 136//157 125//115
f 151//156 125//115 150//119
f 136//157 137//145 126//116
f 136//157 126//116 125//115
f 138//146 140//158 129//159
f 138//146 129//159 127//135
f 127//135 129//159 189//160
f 127//135 189//160 175//136
f 117//161 128//162 140//158
f 117//161 140//158 138//146
f 153//163 116//164 137//145
f 153//163 137//145 136//157
f 147//165 153//163 136//157
f 147//165 136//157 151//156
f 118//142 119//144 135//155
f 118//142 135//155 167//154
f 118//142 167//154 134//153
f 115//139 118//142 134//153
f 115//139 134//153 133//152
f 165//140 115//139 133//152
f 165//140 133//152 139//151
f 148//166 155//167 132//149
f 148//166 132//149 152//150
f 141//168 146//147 132//149
f 141//168 132//149 155//167
f 116//164 117//161 138//146
f 116//164 138//146 137//145
f 154//169 131//170 146//147
f 154//169 146//147 141//168
f 131//170 120//171 144//148
f 131//170 144//148 146//147
f 116//164 153//163 156//143
f 116//164 156//143 143//141
f 117//161 116//164 143//141
f 117//161 143//141 142//138
f 128//162 117//161 142//138
f 128//162 142//138 145//137
f 119//144 148//166 152//150
f 119//144 152//150 135//155
f 154//169 147//165 151//156
f 154//169 151//156 131//170
f 131//170 151//156 150//119
f 131//170 150//119 120//171
f 135//155 152//150 149//131
f 135//155 149//131 124//122
f 124//122 149//131 213//134
f 124//122 213//134 178//123
f 120//171 150//119 212//120
f 120//171 212//120 171//172
f 147//165 154//169 158//173
f 147//165 158//173 157//174
f 153//163 147//165 157//174
f 153//163 157//174 164//175
f 156//143 153//163 164//175
f 156//143 164//175 162//176
f 119//144 156//143 162//176
f 119//144 162//176 163//177
f 155//167 148//166 159//178
f 155//167 159//178 160//179
f 148//166 119//144 163//177
f 148//166 163//177 159//178
f 154//169 141//168 161//180
f 154//169 161//180 158//173
f 141//168 155//167 160//179
f 141//168 160//179 161//180
f 134//153 167//154 166//121
f 134//153 166//121 123//126
f 123//126 166//121 231//124
f 123//126 231//124 179//127
f 186//181 177//118 176//117
f 186//181 176//117 187//182
f 215//183 212//120 177//118
f 215//183 177//118 186//181
f 232//184 231//124 178//123
f 232//184 178//123 185//185
f 183//186 180//128 179//127
f 183//186 179//127 184//187
f 193//188 191//130 180//128
f 193//188 180//128 183//186
f 214//189 213//134 172//133
f 214//189 172//133 182//190
f 187//182 176//117 175//136
f 187//182 175//136 188//191
f 208//192 230//193 168//194
f 208//192 168//194 205//195
f 205//195 168//194 173//196
f 205//195 173//196 206//197
f 206//197 173//196 174//198
f 206//197 174//198 221//199
f 200//200 187//182 188//191
f 200//200 188//191 201//201
f 209//202 195//203 182//190
f 209//202 182//190 207//204
f 217//205 214//189 182//190
f 217//205 182//190 195//203
f 202//206 193//188 183//186
f 202//206 183//186 196//207
f 196//207 183//186 184//187
f 196//207 184//187 197//208
f 233//209 232//184 185//185
f 233//209 185//185 198//210
f 216//211 215//183 186//181
f 216//211 186//181 199//212
f 199//212 186//181 187//182
f 199//212 187//182 200//200
f 201//201 188//191 192//213
f 201//201 192//213 203//214
f 188//191 175//136 189//160
f 188//191 189//160 192//213
f 170//215 201//201 203//214
f 170//215 203//214 190//216
f 218//217 199//212 200//200
f 218//217 200//200 169//218
f 210//219 216//211 199//212
f 210//219 199//212 218//217
f 173//196 197//208 233//209
f 173//196 233//209 198//210
f 173//196 198//210 174//198
f 168//194 196//207 197//208
f 168//194 197//208 173//196
f 230//193 202//206 196//207
f 230//193 196//207 168//194
f 211//220 217//205 195//203
f 211//220 195//203 220//221
f 204//222 220//221 195//203
f 204//222 195//203 209//202
f 169//218 200//200 201//201
f 169//218 201//201 170//215
f 219//223 204//222 209//202
f 219//223 209//202 194//224
f 194//224 209//202 207//204
f 194//224 207//204 181//225
f 169//218 206//197 221//199
f 169//218 221//199 218//217
f 170//215 205//195 206//197
f 170//215 206//197 169//218
f 190//216 208//192 205//195
f 190//216 205//195 170//215
f 174//198 198//210 217//205
f 174//198 217//205 211//220
f 219//223 194//224 216//211
f 219//223 216//211 210//219
f 194//224 181//225 215//183
f 194//224 215//183 216//211
f 198//210 185//185 214//189
f 198//210 214//189 217//205
f 185//185 178//123 213//134
f 185//185 213//134 214//189
f 181//225 171//172 212//120
f 181//225 212//120 215//183
f 210//219 222//226 223//227
f 210//219 223//227 219//223
f 218//217 229//228 222//226
f 218//217 222//226 210//219
f 221//199 227//229 229//228
f 221//199 229//228 218//217
f 174//198 228//230 227//229
f 174//198 227//229 221//199
f 220//221 225//231 224//232
f 220//221 224//232 211//220
f 211//220 224//232 228//230
f 211//220 228//230 174//198
f 219//223 223//227 226//233
f 219//223 226//233 204//222
f 204//222 226//233 225//231
f 204//222 225//231 220//221
f 197//208 184//187 232//184
f 197//208 232//184 233//209
f 184//187 179//127 231//124
f 184//187 231//124 232//184
o BluePants_Cube.001
f 268//234 236//235 328//236
f 268//234 328//236 361//237
f 399//238 237//239 329//240
f 399//238 329//240 398//241
f 310//242 252//243 321//244
f 310//242 321//244 302//245
f 296//246 277//247 236//235
f 296//246 236//235 268//234
f 288//248 253//249 238//250
f 288//248 238//250 279//251
f 309//252 254//253 239//254
f 309//252 239//254 303//255
f 287//256 255//257 240//258
f 287//256 240//258 280//259
f 292//260 262//261 243//262
f 292//260 243//262 281//263
f 314//264 261//265 242//266
f 314//264 242//266 304//267
f 291//268 260//269 241//270
f 291//268 241//270 282//271
f 313//272 259//273 322//274
f 313//272 322//274 305//275
f 300//276 276//277 247//278
f 300//276 247//278 283//279
f 320//280 275//281 246//282
f 320//280 246//282 306//283
f 299//284 274//285 245//286
f 299//284 245//286 284//287
f 319//288 325//289 244//290
f 319//288 244//290 307//291
f 301//292 235//293 251//294
f 301//292 251//294 308//295
f 277//247 234//296 248//297
f 277//247 248//297 285//298
f 399//238 236//235 249//299
f 399//238 249//299 407//300
f 278//301 237//239 250//302
f 278//301 250//302 286//303
f 294//304 265//305 255//257
f 294//304 255//257 287//256
f 316//306 264//307 254//253
f 316//306 254//253 309//252
f 293//308 263//309 253//249
f 293//308 253//249 288//248
f 315//310 266//311 252//243
f 315//310 252//243 310//242
f 318//312 273//313 323//314
f 318//312 323//314 311//315
f 298//316 270//317 256//318
f 298//316 256//318 289//319
f 417//320 271//321 257//322
f 417//320 257//322 312//323
f 297//324 272//325 258//326
f 297//324 258//326 290//327
f 311//315 323//314 259//273
f 311//315 259//273 313//272
f 289//319 256//318 260//269
f 289//319 260//269 291//268
f 312//323 257//322 261//265
f 312//323 261//265 314//264
f 290//327 258//326 262//261
f 290//327 262//261 292//260
f 307//291 244//290 266//311
f 307//291 266//311 315//310
f 284//287 245//286 263//309
f 284//287 263//309 293//308
f 306//283 246//282 264//307
f 306//283 264//307 316//306
f 283//279 247//278 265//305
f 283//279 265//305 294//304
f 278//301 295//328 269//329
f 278//301 269//329 237//239
f 301//292 317//330 324//331
f 301//292 324//331 235//293
f 237//239 269//329 363//332
f 237//239 363//332 329//240
f 286//303 250//302 272//325
f 286//303 272//325 297//324
f 407//300 249//299 271//321
f 407//300 271//321 417//320
f 285//298 248//297 270//317
f 285//298 270//317 298//316
f 308//295 251//294 273//313
f 308//295 273//313 318//312
f 305//275 322//274 325//289
f 305//275 325//289 319//288
f 282//271 241//270 274//285
f 282//271 274//285 299//284
f 304//267 242//266 275//281
f 304//267 275//281 320//280
f 281//263 243//262 276//277
f 281//263 276//277 300//276
f 322//274 281//263 300//276
f 322//274 300//276 325//289
f 242//266 282//271 299//284
f 242//266 299//284 275//281
f 249//299 285//298 298//316
f 249//299 298//316 271//321
f 251//294 286//303 297//324
f 251//294 297//324 273//313
f 235//293 324//331 295//328
f 235//293 295//328 278//301
f 244//290 283//279 294//304
f 244//290 294//304 266//311
f 246//282 284//287 293//308
f 246//282 293//308 264//307
f 323//314 290//327 292//260
f 323//314 292//260 259//273
f 257//322 289//319 291//268
f 257//322 291//268 261//265
f 273//313 297//324 290//327
f 273//313 290//327 323//314
f 271//321 298//316 289//319
f 271//321 289//319 257//322
f 264//307 293//308 288//248
f 264//307 288//248 254//253
f 266//311 294//304 287//256
f 266//311 287//256 252//243
f 235//293 278//301 286//303
f 235//293 286//303 251//294
f 236//235 277//247 285//298
f 236//235 285//298 249//299
f 275//281 299//284 284//287
f 275//281 284//287 246//282
f 325//289 300//276 283//279
f 325//289 283//279 244//290
f 261//265 291//268 282//271
f 261//265 282//271 242//266
f 259//273 292//260 281//263
f 259//273 281//263 322//274
f 252//243 287//256 280//259
f 252//243 280//259 321//244
f 254//253 288//248 279//251
f 254//253 279//251 239//254
f 267//333 234//296 277//247
f 267//333 277//247 296//246
f 243//262 304//267 320//280
f 243//262 320//280 276//277
f 241//270 305//275 319//288
f 241//270 319//288 274//285
f 248//297 308//295 318//312
f 248//297 318//312 270//317
f 250//302 407//300 417//320
f 250//302 417//320 272//325
f 234//296 267//333 317//330
f 234//296 317//330 301//292
f 247//278 306//283 316//306
f 247//278 316//306 265//305
f 245//286 307//291 315//310
f 245//286 315//310 263//309
f 258//326 312//323 314//264
f 258//326 314//264 262//261
f 256//318 311//315 313//272
f 256//318 313//272 260//269
f 272//325 417//320 312//323
f 272//325 312//323 258//326
f 270//317 318//312 311//315
f 270//317 311//315 256//318
f 263//309 315//310 310//242
f 263//309 310//242 253//249
f 265//305 316//306 309//252
f 265//305 309//252 255//257
f 237//239 399//238 407//300
f 237//239 407//300 250//302
f 234//296 301//292 308//295
f 234//296 308//295 248//297
f 274//285 319//288 307//291
f 274//285 307//291 245//286
f 276//277 320//280 306//283
f 276//277 306//283 247//278
f 260//269 313//272 305//275
f 260//269 305//275 241//270
f 262//261 314//264 304//267
f 262//261 304//267 243//262
f 255//257 309//252 303//255
f 255//257 303//255 240//258
f 253//249 310//242 302//245
f 253//249 302//245 238//250
f 236//235 399//238 398//241
f 236//235 398//241 328//236
f 364//334 361//237 328//236
f 364//334 328//236 330//335
f 399//238 398//241 329//240
f 399//238 329//240 331//336
f 409//337 400//338 421//339
f 409//337 421//339 346//340
f 392//341 364//334 330//335
f 392//341 330//335 373//342
f 384//343 375//344 332//345
f 384//343 332//345 347//346
f 408//347 401//348 333//349
f 408//347 333//349 348//350
f 383//351 376//352 334//353
f 383//351 334//353 349//354
f 388//355 377//356 337//357
f 388//355 337//357 356//358
f 413//359 402//360 336//361
f 413//359 336//361 355//362
f 387//363 378//364 335//365
f 387//363 335//365 354//366
f 412//367 403//368 422//369
f 412//367 422//369 353//370
f 396//371 379//372 341//373
f 396//371 341//373 372//374
f 420//375 404//376 340//377
f 420//375 340//377 371//378
f 395//379 380//380 339//381
f 395//379 339//381 370//382
f 419//383 405//384 338//385
f 419//383 338//385 425//386
f 397//387 406//388 345//389
f 397//387 345//389 327//390
f 373//342 381//391 342//392
f 373//342 342//392 326//393
f 399//238 407//300 343//394
f 399//238 343//394 330//335
f 374//395 382//396 344//397
f 374//395 344//397 331//336
f 390//398 383//351 349//354
f 390//398 349//354 359//399
f 415//400 408//347 348//350
f 415//400 348//350 358//401
f 389//402 384//343 347//346
f 389//402 347//346 357//403
f 414//404 409//337 346//340
f 414//404 346//340 360//405
f 418//406 410//407 423//408
f 418//406 423//408 369//409
f 394//410 385//411 350//412
f 394//410 350//412 366//413
f 417//320 411//414 351//415
f 417//320 351//415 367//416
f 393//417 386//418 352//419
f 393//417 352//419 368//420
f 410//407 412//367 353//370
f 410//407 353//370 423//408
f 385//411 387//363 354//366
f 385//411 354//366 350//412
f 411//414 413//359 355//362
f 411//414 355//362 351//415
f 386//418 388//355 356//358
f 386//418 356//358 352//419
f 405//384 414//404 360//405
f 405//384 360//405 338//385
f 380//380 389//402 357//403
f 380//380 357//403 339//381
f 404//376 415//400 358//401
f 404//376 358//401 340//377
f 379//372 390//398 359//399
f 379//372 359//399 341//373
f 374//395 331//336 365//421
f 374//395 365//421 391//422
f 397//387 327//390 424//423
f 397//387 424//423 416//424
f 331//336 329//240 363//332
f 331//336 363//332 365//421
f 382//396 393//417 368//420
f 382//396 368//420 344//397
f 407//300 417//320 367//416
f 407//300 367//416 343//394
f 381//391 394//410 366//413
f 381//391 366//413 342//392
f 406//388 418//406 369//409
f 406//388 369//409 345//389
f 403//368 419//383 425//386
f 403//368 425//386 422//369
f 378//364 395//379 370//382
f 378//364 370//382 335//365
f 402//360 420//375 371//378
f 402//360 371//378 336//361
f 377//356 396//371 372//374
f 377//356 372//374 337//357
f 422//369 425//386 396//371
f 422//369 396//371 377//356
f 336//361 371//378 395//379
f 336//361 395//379 378//364
f 343//394 367//416 394//410
f 343//394 394//410 381//391
f 345//389 369//409 393//417
f 345//389 393//417 382//396
f 327//390 374//395 391//422
f 327//390 391//422 424//423
f 338//385 360//405 390//398
f 338//385 390//398 379//372
f 340//377 358//401 389//402
f 340//377 389//402 380//380
f 423//408 353//370 388//355
f 423//408 388//355 386//418
f 351//415 355//362 387//363
f 351//415 387//363 385//411
f 369//409 423//408 386//418
f 369//409 386//418 393//417
f 367//416 351//415 385//411
f 367//416 385//411 394//410
f 358//401 348//350 384//343
f 358//401 384//343 389//402
f 360//405 346//340 383//351
f 360//405 383//351 390//398
f 327//390 345//389 382//396
f 327//390 382//396 374//395
f 330//335 343//394 381//391
f 330//335 381//391 373//342
f 371//378 340//377 380//380
f 371//378 380//380 395//379
f 425//386 338//385 379//372
f 425//386 379//372 396//371
f 355//362 336//361 378//364
f 355//362 378//364 387//363
f 353//370 422//369 377//356
f 353//370 377//356 388//355
f 346//340 421//339 376//352
f 346//340 376//352 383//351
f 348//350 333//349 375//344
f 348//350 375//344 384//343
f 362//425 392//341 373//342
f 362//425 373//342 326//393
f 337//357 372//374 420//375
f 337//357 420//375 402//360
f 335//365 370//382 419//383
f 335//365 419//383 403//368
f 342//392 366//413 418//406
f 342//392 418//406 406//388
f 344//397 368//420 417//320
f 344//397 417//320 407//300
f 326//393 397//387 416//424
f 326//393 416//424 362//425
f 341//373 359//399 415//400
f 341//373 415//400 404//376
f 339//381 357//403 414//404
f 339//381 414//404 405//384
f 352//419 356//358 413//359
f 352//419 413//359 411//414
f 350//412 354//366 412//367
f 350//412 412//367 410//407
f 368//420 352//419 411//414
f 368//420 411//414 417//320
f 366//413 350//412 410//407
f 366//413 410//407 418//406
f 357//403 347//346 409//337
f 357//403 409//337 414//404
f 359//399 349//354 408//347
f 359//399 408//347 415//400
f 331//336 344//397 407//300
f 331//336 407//300 399//238
f 326//393 342//392 406//388
f 326//393 406//388 397//387
f 370//382 339//381 405//384
f 370//382 405//384 419//383
f 372//374 341//373 404//376
f 372//374 404//376 420//375
f 354//366 335//365 403//368
f 354//366 403//368 412//367
f 356//358 337//357 402//360
f 356//358 402//360 413//359
f 349//354 334//353 401//348
f 349//354 401//348 408//347
f 347//346 332//345 400//338
f 347//346 400//338 409//337
f 330//335 328//236 398//241
f 330//335 398//241 399//238
o Body_Cube
f 426//426 457//427 824//428
f 426//426 824//428 808//429
f 426//426 808//429 819//430
f 426//426 819//430 438//431
f 426//426 438//431 461//432
f 426//426 461//432 445//433
f 426//426 445//433 462//434
f 426//426 462//434 457//427
f 427//435 453//436 466//437
f 427//435 466//437 456//438
f 427//435 456//438 464//439
f 427//435 464//439 441//440
f 427//435 441//440 459//441
f 427//435 459//441 448//442
f 427//435 448//442 465//443
f 427//435 465//443 453//436
f 428//444 485//445 563//446
f 428//444 563//446 451//447
f 428//444 451//447 463//448
f 428//444 463//448 446//449
f 428//444 446//449 458//450
f 428//444 458//450 443//451
f 428//444 443//451 820//452
f 428//444 820//452 796//453
f 429//454 441//440 464//439
f 429//454 464//439 450//455
f 429//454 450//455 822//456
f 429//454 822//456 793//457
f 429//454 793//457 821//458
f 429//454 821//458 449//459
f 429//454 449//459 459//441
f 429//454 459//441 441//440
f 430//460 447//461 461//432
f 430//460 461//432 438//431
f 430//460 438//431 819//430
f 430//460 819//430 794//462
f 430//460 794//462 822//456
f 430//460 822//456 450//455
f 430//460 450//455 464//439
f 430//460 464//439 447//461
f 431//463 797//464 818//465
f 431//463 818//465 444//466
f 431//463 444//466 460//467
f 431//463 460//467 440//468
f 431//463 440//468 463//448
f 431//463 463//448 451//447
f 796//453 855//469 485//445
f 796//453 485//445 428//444
f 432//470 443//451 458//450
f 432//470 458//450 442//471
f 432//470 442//471 465//443
f 432//470 465//443 452//472
f 432//470 452//472 823//473
f 432//470 823//473 800//474
f 432//470 800//474 820//452
f 432//470 820//452 443//451
f 433//475 452//472 465//443
f 433//475 465//443 448//442
f 433//475 448//442 459//441
f 433//475 459//441 449//459
f 433//475 449//459 821//458
f 433//475 821//458 801//476
f 433//475 801//476 823//473
f 433//475 823//473 452//472
f 434//477 446//449 463//448
f 434//477 463//448 455//478
f 434//477 455//478 466//437
f 434//477 466//437 453//436
f 434//477 453//436 465//443
f 434//477 465//443 442//471
f 434//477 442//471 458//450
f 434//477 458//450 446//449
f 435//479 440//468 460//467
f 435//479 460//467 439//480
f 435//479 439//480 462//434
f 435//479 462//434 454//481
f 435//479 454//481 466//437
f 435//479 466//437 455//478
f 435//479 455//478 463//448
f 435//479 463//448 440//468
f 436//482 454//481 462//434
f 436//482 462//434 445//433
f 436//482 445//433 461//432
f 436//482 461//432 447//461
f 436//482 447//461 464//439
f 436//482 464//439 456//438
f 436//482 456//438 466//437
f 436//482 466//437 454//481
f 437//483 444//466 818//465
f 437//483 818//465 807//484
f 437//483 807//484 824//428
f 437//483 824//428 457//427
f 437//483 457//427 462//434
f 437//483 462//434 439//480
f 437//483 439//480 460//467
f 437//483 460//467 444//466
f 481//485 482//486 837//487
f 481//485 837//487 838//488
f 589//489 481//485 838//488
f 589//489 838//488 961//490
f 767//491 480//492 839//493
f 767//491 839//493 1142//494
f 478//495 479//496 840//497
f 478//495 840//497 841//498
f 517//499 478//495 841//498
f 517//499 841//498 887//500
f 516//501 474//502 830//503
f 516//501 830//503 885//504
f 588//505 477//506 833//507
f 588//505 833//507 962//508
f 476//509 832//510 853//511
f 476//509 853//511 484//512
f 561//513 475//514 831//515
f 561//513 831//515 931//516
f 482//486 483//517 836//518
f 482//486 836//518 837//487
f 580//519 559//520 469//521
f 580//519 469//521 764//522
f 559//520 560//523 472//524
f 559//520 472//524 469//521
f 560//523 595//525 473//526
f 560//523 473//526 472//524
f 533//527 534//528 483//517
f 533//527 483//517 482//486
f 573//529 500//530 761//531
f 573//529 761//531 564//532
f 585//533 562//534 477//506
f 585//533 477//506 528//535
f 591//536 528//535 477//506
f 591//536 477//506 588//505
f 552//537 525//538 474//502
f 552//537 474//502 516//501
f 551//539 529//540 478//495
f 551//539 478//495 517//499
f 529//540 530//541 479//496
f 529//540 479//496 478//495
f 768//542 531//543 480//492
f 768//542 480//492 767//491
f 590//544 532//545 481//485
f 590//544 481//485 589//489
f 532//545 533//527 482//486
f 532//545 482//486 481//485
f 431//463 484//512 853//511
f 431//463 853//511 797//464
f 562//534 476//509 484//512
f 562//534 484//512 563//446
f 833//507 477//506 485//445
f 833//507 485//445 855//469
f 544//546 501//547 486//548
f 544//546 486//548 535//549
f 572//550 502//551 487//552
f 572//550 487//552 565//553
f 543//554 503//555 488//556
f 543//554 488//556 536//557
f 548//558 510//559 491//560
f 548//558 491//560 537//561
f 577//562 509//563 490//564
f 577//562 490//564 566//565
f 547//566 508//567 489//568
f 547//566 489//568 538//569
f 576//570 507//571 762//572
f 576//570 762//572 567//573
f 556//574 524//575 495//576
f 556//574 495//576 539//577
f 584//578 523//579 494//580
f 584//578 494//580 568//581
f 555//582 522//583 493//584
f 555//582 493//584 540//585
f 583//586 765//587 492//588
f 583//586 492//588 569//589
f 557//590 468//591 499//592
f 557//590 499//592 570//593
f 525//538 467//594 496//595
f 525//538 496//595 541//596
f 561//513 474//502 497//597
f 561//513 497//597 571//598
f 526//599 475//514 498//600
f 526//599 498//600 542//601
f 550//602 513//603 503//555
f 550//602 503//555 543//554
f 579//604 512//605 502//551
f 579//604 502//551 572//550
f 549//606 511//607 501//547
f 549//606 501//547 544//546
f 578//608 514//609 500//530
f 578//608 500//530 573//529
f 582//610 521//611 763//612
f 582//610 763//612 574//613
f 554//614 518//615 504//616
f 554//614 504//616 545//617
f 581//618 519//619 505//620
f 581//618 505//620 575//621
f 553//622 520//623 506//624
f 553//622 506//624 546//625
f 574//613 763//612 507//571
f 574//613 507//571 576//570
f 545//617 504//616 508//567
f 545//617 508//567 547//566
f 575//621 505//620 509//563
f 575//621 509//563 577//562
f 546//625 506//624 510//559
f 546//625 510//559 548//558
f 569//589 492//588 514//609
f 569//589 514//609 578//608
f 540//585 493//584 511//607
f 540//585 511//607 549//606
f 568//581 494//580 512//605
f 568//581 512//605 579//604
f 539//577 495//576 513//603
f 539//577 513//603 550//602
f 526//599 551//539 517//499
f 526//599 517//499 475//514
f 534//528 552//537 516//501
f 534//528 516//501 483//517
f 557//590 580//519 764//522
f 557//590 764//522 468//591
f 483//517 516//501 885//504
f 483//517 885//504 836//518
f 475//514 517//499 887//500
f 475//514 887//500 831//515
f 542//601 498//600 520//623
f 542//601 520//623 553//622
f 571//598 497//597 519//619
f 571//598 519//619 581//618
f 541//596 496//595 518//615
f 541//596 518//615 554//614
f 570//593 499//592 521//611
f 570//593 521//611 582//610
f 567//573 762//572 765//587
f 567//573 765//587 583//586
f 538//569 489//568 522//583
f 538//569 522//583 555//582
f 566//565 490//564 523//579
f 566//565 523//579 584//578
f 537//561 491//560 524//575
f 537//561 524//575 556//574
f 762//572 537//561 556//574
f 762//572 556//574 765//587
f 490//564 538//569 555//582
f 490//564 555//582 523//579
f 497//597 541//596 554//614
f 497//597 554//614 519//619
f 499//592 542//601 553//622
f 499//592 553//622 521//611
f 471//626 515//627 552//537
f 471//626 552//537 534//528
f 468//591 764//522 551//539
f 468//591 551//539 526//599
f 492//588 539//577 550//602
f 492//588 550//602 514//609
f 494//580 540//585 549//606
f 494//580 549//606 512//605
f 763//612 546//625 548//558
f 763//612 548//558 507//571
f 505//620 545//617 547//566
f 505//620 547//566 509//563
f 521//611 553//622 546//625
f 521//611 546//625 763//612
f 519//619 554//614 545//617
f 519//619 545//617 505//620
f 512//605 549//606 544//546
f 512//605 544//546 502//551
f 514//609 550//602 543//554
f 514//609 543//554 500//530
f 468//591 526//599 542//601
f 468//591 542//601 499//592
f 474//502 525//538 541//596
f 474//502 541//596 497//597
f 523//579 555//582 540//585
f 523//579 540//585 494//580
f 765//587 556//574 539//577
f 765//587 539//577 492//588
f 509//563 547//566 538//569
f 509//563 538//569 490//564
f 507//571 548//558 537//561
f 507//571 537//561 762//572
f 500//530 543//554 536//557
f 500//530 536//557 761//531
f 502//551 544//546 535//549
f 502//551 535//549 487//552
f 592//628 470//629 533//527
f 592//628 533//527 532//545
f 586//630 592//628 532//545
f 586//630 532//545 590//544
f 472//524 473//526 531//543
f 472//524 531//543 768//542
f 472//524 768//542 530//541
f 469//521 472//524 530//541
f 469//521 530//541 529//540
f 764//522 469//521 529//540
f 764//522 529//540 551//539
f 515//627 467//594 525//538
f 515//627 525//538 552//537
f 587//631 594//632 528//535
f 587//631 528//535 591//536
f 558//633 585//533 528//535
f 558//633 528//535 594//632
f 470//629 471//626 534//528
f 470//629 534//528 533//527
f 593//634 527//635 585//533
f 593//634 585//533 558//633
f 491//560 566//565 584//578
f 491//560 584//578 524//575
f 489//568 567//573 583//586
f 489//568 583//586 522//583
f 496//595 570//593 582//610
f 496//595 582//610 518//615
f 498//600 571//598 581//618
f 498//600 581//618 520//623
f 467//594 515//627 580//519
f 467//594 580//519 557//590
f 495//576 568//581 579//604
f 495//576 579//604 513//603
f 493//584 569//589 578//608
f 493//584 578//608 511//607
f 506//624 575//621 577//562
f 506//624 577//562 510//559
f 504//616 574//613 576//570
f 504//616 576//570 508//567
f 520//623 581//618 575//621
f 520//623 575//621 506//624
f 518//615 582//610 574//613
f 518//615 574//613 504//616
f 511//607 578//608 573//529
f 511//607 573//529 501//547
f 513//603 579//604 572//550
f 513//603 572//550 503//555
f 475//514 561//513 571//598
f 475//514 571//598 498//600
f 467//594 557//590 570//593
f 467//594 570//593 496//595
f 522//583 583//586 569//589
f 522//583 569//589 493//584
f 524//575 584//578 568//581
f 524//575 568//581 495//576
f 508//567 576//570 567//573
f 508//567 567//573 489//568
f 510//559 577//562 566//565
f 510//559 566//565 491//560
f 503//555 572//550 565//553
f 503//555 565//553 488//556
f 477//506 562//534 563//446
f 477//506 563//446 485//445
f 451//447 563//446 484//512
f 451//447 484//512 431//463
f 527//635 476//509 562//534
f 527//635 562//534 585//533
f 501//547 573//529 564//532
f 501//547 564//532 486//548
f 470//629 592//628 595//525
f 470//629 595//525 560//523
f 471//626 470//629 560//523
f 471//626 560//523 559//520
f 515//627 471//626 559//520
f 515//627 559//520 580//519
f 474//502 561//513 931//516
f 474//502 931//516 830//503
f 473//526 587//631 591//536
f 473//526 591//536 531//543
f 593//634 586//630 590//544
f 593//634 590//544 527//635
f 527//635 590//544 589//489
f 527//635 589//489 476//509
f 531//543 591//536 588//505
f 531//543 588//505 480//492
f 480//492 588//505 962//508
f 480//492 962//508 839//493
f 476//509 589//489 961//490
f 476//509 961//490 832//510
f 625//636 612//637 605//638
f 625//636 605//638 604//639
f 621//640 624//641 607//642
f 621//640 607//642 608//643
f 612//637 621//640 608//643
f 612//637 608//643 605//638
f 622//644 623//645 610//646
f 622//644 610//646 606//647
f 586//630 593//634 597//648
f 586//630 597//648 596//649
f 592//628 586//630 596//649
f 592//628 596//649 603//650
f 595//525 592//628 603//650
f 595//525 603//650 601//651
f 473//526 595//525 601//651
f 473//526 601//651 602//652
f 594//632 587//631 598//653
f 594//632 598//653 599//654
f 587//631 473//526 602//652
f 587//631 602//652 598//653
f 593//634 558//633 600//655
f 593//634 600//655 597//648
f 558//633 594//632 599//654
f 558//633 599//654 600//655
f 677//656 688//657 616//658
f 677//656 616//658 617//659
f 689//660 677//656 617//659
f 689//660 617//659 614//661
f 687//662 686//663 619//664
f 687//662 619//664 615//665
f 688//657 687//662 615//665
f 688//657 615//665 616//658
f 626//666 625//636 604//639
f 626//666 604//639 611//667
f 627//668 626//666 611//667
f 627//668 611//667 609//669
f 623//645 627//668 609//669
f 623//645 609//669 610//646
f 624//641 622//644 606//647
f 624//641 606//647 607//642
f 690//670 689//660 614//661
f 690//670 614//661 613//671
f 691//672 690//670 613//671
f 691//672 613//671 620//673
f 692//674 691//672 620//673
f 692//674 620//673 618//675
f 686//663 692//674 618//675
f 686//663 618//675 619//664
f 643//676 637//677 622//644
f 643//676 622//644 624//641
f 642//678 640//679 627//668
f 642//678 627//668 623//645
f 640//679 639//680 626//666
f 640//679 626//666 627//668
f 639//680 638//681 625//636
f 639//680 625//636 626//666
f 637//677 642//678 623//645
f 637//677 623//645 622//644
f 636//682 641//683 621//640
f 636//682 621//640 612//637
f 641//683 643//676 624//641
f 641//683 624//641 621//640
f 638//681 636//682 612//637
f 638//681 612//637 625//636
f 650//684 648//685 635//686
f 650//684 635//686 629//687
f 648//685 647//688 634//689
f 648//685 634//689 635//686
f 647//688 646//690 633//691
f 647//688 633//691 634//689
f 646//690 645//692 632//693
f 646//690 632//693 633//691
f 644//694 651//695 631//696
f 644//694 631//696 630//697
f 651//695 650//684 629//687
f 651//695 629//687 631//696
f 645//692 649//698 628//699
f 645//692 628//699 632//693
f 649//698 644//694 630//697
f 649//698 630//697 628//699
f 596//649 597//648 636//682
f 596//649 636//682 638//681
f 600//655 599//654 643//676
f 600//655 643//676 641//683
f 597//648 600//655 641//683
f 597//648 641//683 636//682
f 598//653 602//652 642//678
f 598//653 642//678 637//677
f 603//650 596//649 638//681
f 603//650 638//681 639//680
f 601//651 603//650 639//680
f 601//651 639//680 640//679
f 602//652 601//651 640//679
f 602//652 640//679 642//678
f 599//654 598//653 637//677
f 599//654 637//677 643//676
f 608//643 607//642 644//694
f 608//643 644//694 649//698
f 605//638 608//643 649//698
f 605//638 649//698 645//692
f 606//647 610//646 650//684
f 606//647 650//684 651//695
f 607//642 606//647 651//695
f 607//642 651//695 644//694
f 604//639 605//638 645//692
f 604//639 645//692 646//690
f 611//667 604//639 646//690
f 611//667 646//690 647//688
f 609//669 611//667 647//688
f 609//669 647//688 648//685
f 610//646 609//669 648//685
f 610//646 648//685 650//684
f 615//665 619//664 658//700
f 615//665 658//700 654//701
f 618//675 620//673 659//702
f 618//675 659//702 657//703
f 619//664 618//675 657//703
f 619//664 657//703 658//700
f 616//658 615//665 654//701
f 616//658 654//701 655//704
f 620//673 613//671 652//705
f 620//673 652//705 659//702
f 614//661 617//659 656//706
f 614//661 656//706 653//707
f 617//659 616//658 655//704
f 617//659 655//704 656//706
f 613//671 614//661 653//707
f 613//671 653//707 652//705
f 702//708 685//709 660//710
f 702//708 660//710 667//711
f 704//712 703//713 664//714
f 704//712 664//714 661//715
f 703//713 705//716 663//717
f 703//713 663//717 664//714
f 685//709 704//712 661//715
f 685//709 661//715 660//710
f 707//718 706//719 666//720
f 707//718 666//720 662//721
f 708//722 702//708 667//711
f 708//722 667//711 665//723
f 706//719 708//722 665//723
f 706//719 665//723 666//720
f 705//716 707//718 662//721
f 705//716 662//721 663//717
f 664//714 663//717 672//724
f 664//714 672//724 673//725
f 661//715 664//714 673//725
f 661//715 673//725 670//726
f 667//711 660//710 669//727
f 667//711 669//727 676//728
f 663//717 662//721 671//729
f 663//717 671//729 672//724
f 670//726 673//725 681//730
f 670//726 681//730 678//731
f 676//728 669//727 668//732
f 676//728 668//732 684//733
f 672//724 671//729 679//734
f 672//724 679//734 680//735
f 675//736 674//737 682//738
f 675//736 682//738 683//739
f 660//710 661//715 670//726
f 660//710 670//726 669//727
f 662//721 666//720 675//736
f 662//721 675//736 671//729
f 665//723 667//711 676//728
f 665//723 676//728 674//737
f 666//720 665//723 674//737
f 666//720 674//737 675//736
f 680//735 679//734 695//740
f 680//735 695//740 696//741
f 683//739 682//738 698//742
f 683//739 698//742 699//743
f 682//738 684//733 700//744
f 682//738 700//744 698//742
f 679//734 683//739 699//743
f 679//734 699//743 695//740
f 673//725 672//724 680//735
f 673//725 680//735 681//730
f 669//727 670//726 678//731
f 669//727 678//731 668//732
f 671//729 675//736 683//739
f 671//729 683//739 679//734
f 674//737 676//728 684//733
f 674//737 684//733 682//738
f 629//687 635//686 692//674
f 629//687 692//674 686//663
f 635//686 634//689 691//672
f 635//686 691//672 692//674
f 634//689 633//691 690//670
f 634//689 690//670 691//672
f 633//691 632//693 689//660
f 633//691 689//660 690//670
f 630//697 631//696 687//662
f 630//697 687//662 688//657
f 631//696 629//687 686//663
f 631//696 686//663 687//662
f 632//693 628//699 677//656
f 632//693 677//656 689//660
f 628//699 630//697 688//657
f 628//699 688//657 677//656
f 694//745 697//746 701//747
f 694//745 701//747 693//748
f 697//746 696//741 695//740
f 697//746 695//740 701//747
f 693//748 701//747 698//742
f 693//748 698//742 700//744
f 701//747 695//740 699//743
f 701//747 699//743 698//742
f 684//733 668//732 693//748
f 684//733 693//748 700//744
f 678//731 681//730 697//746
f 678//731 697//746 694//745
f 681//730 680//735 696//741
f 681//730 696//741 697//746
f 668//732 678//731 694//745
f 668//732 694//745 693//748
f 655//704 654//701 707//718
f 655//704 707//718 705//716
f 706//719 658//700 710//749
f 706//719 710//749 712//750
f 657//703 659//702 702//708
f 657//703 702//708 708//722
f 654//701 658//700 706//719
f 654//701 706//719 707//718
f 652//705 653//707 704//712
f 652//705 704//712 685//709
f 656//706 655//704 705//716
f 656//706 705//716 703//713
f 653//707 656//706 703//713
f 653//707 703//713 704//712
f 659//702 652//705 685//709
f 659//702 685//709 702//708
f 710//749 709//751 713//752
f 710//749 713//752 714//753
f 657//703 708//722 711//754
f 657//703 711//754 709//751
f 658//700 657//703 709//751
f 658//700 709//751 710//749
f 708//722 706//719 712//750
f 708//722 712//750 711//754
f 715//755 716//756 720//757
f 715//755 720//757 719//758
f 711//754 712//750 716//756
f 711//754 716//756 715//755
f 709//751 711//754 715//755
f 709//751 715//755 713//752
f 712//750 710//749 714//753
f 712//750 714//753 716//756
f 718//759 717//760 719//758
f 718//759 719//758 720//757
f 713//752 715//755 719//758
f 713//752 719//758 717//760
f 716//756 714//753 718//759
f 716//756 718//759 720//757
f 714//753 713//752 717//760
f 714//753 717//760 718//759
f 760//761 744//762 724//763
f 760//761 724//763 750//764
f 758//765 737//766 728//767
f 758//765 728//767 751//768
f 754//769 735//770 726//771
f 754//769 726//771 752//772
f 757//773 739//774 722//775
f 757//773 722//775 749//776
f 743//777 733//778 725//779
f 743//777 725//779 738//780
f 741//781 731//782 722//775
f 741//781 722//775 739//774
f 740//783 732//784 731//782
f 740//783 731//782 741//781
f 748//785 745//786 734//787
f 748//785 734//787 742//788
f 742//788 734//787 733//778
f 742//788 733//778 743//777
f 759//789 747//790 766//791
f 759//789 766//791 753//792
f 753//792 766//791 735//770
f 753//792 735//770 754//769
f 749//776 722//775 731//782
f 749//776 731//782 755//793
f 755//793 731//782 732//784
f 755//793 732//784 756//794
f 729//795 742//788 743//777
f 729//795 743//777 730//796
f 746//797 748//785 742//788
f 746//797 742//788 729//795
f 766//791 740//783 741//781
f 766//791 741//781 735//770
f 735//770 741//781 739//774
f 735//770 739//774 726//771
f 730//796 743//777 738//780
f 730//796 738//780 721//798
f 752//772 726//771 739//774
f 752//772 739//774 757//773
f 750//764 724//763 737//766
f 750//764 737//766 758//765
f 723//799 736//800 748//785
f 723//799 748//785 746//797
f 751//768 728//767 747//790
f 751//768 747//790 759//789
f 736//800 727//801 745//786
f 736//800 745//786 748//785
f 756//794 732//784 744//762
f 756//794 744//762 760//761
f 564//532 747//790 728//767
f 564//532 728//767 486//548
f 486//548 728//767 737//766
f 486//548 737//766 535//549
f 535//549 737//766 724//763
f 535//549 724//763 487//552
f 487//552 724//763 744//762
f 487//552 744//762 565//553
f 565//553 744//762 732//784
f 565//553 732//784 488//556
f 488//556 732//784 740//783
f 488//556 740//783 536//557
f 536//557 740//783 766//791
f 536//557 766//791 761//531
f 761//531 766//791 747//790
f 761//531 747//790 564//532
f 729//795 756//794 760//761
f 729//795 760//761 746//797
f 727//801 751//768 759//789
f 727//801 759//789 745//786
f 723//799 750//764 758//765
f 723//799 758//765 736//800
f 725//779 752//772 757//773
f 725//779 757//773 738//780
f 730//796 755//793 756//794
f 730//796 756//794 729//795
f 721//798 749//776 755//793
f 721//798 755//793 730//796
f 734//787 753//792 754//769
f 734//787 754//769 733//778
f 745//786 759//789 753//792
f 745//786 753//792 734//787
f 738//780 757//773 749//776
f 738//780 749//776 721//798
f 733//778 754//769 752//772
f 733//778 752//772 725//779
f 736//800 758//765 751//768
f 736//800 751//768 727//801
f 746//797 760//761 750//764
f 746//797 750//764 723//799
f 530//541 768//542 767//491
f 530//541 767//491 479//496
f 479//496 767//491 1142//494
f 479//496 1142//494 840//497
f 769//802 808//429 824//428
f 769//802 824//428 806//803
f 769//802 781//804 819//430
f 769//802 819//430 808//429
f 769//802 788//805 812//806
f 769//802 812//806 781//804
f 769//802 806//803 813//807
f 769//802 813//807 788//805
f 770//808 805//809 817//810
f 770//808 817//810 802//811
f 770//808 784//812 815//813
f 770//808 815//813 805//809
f 770//808 791//814 810//815
f 770//808 810//815 784//812
f 770//808 802//811 816//816
f 770//808 816//816 791//814
f 771//817 798//818 936//819
f 771//817 936//819 854//820
f 771//817 789//821 814//822
f 771//817 814//822 798//818
f 771//817 786//823 809//824
f 771//817 809//824 789//821
f 771//817 796//453 820//452
f 771//817 820//452 786//823
f 772//825 795//826 815//813
f 772//825 815//813 784//812
f 772//825 793//457 822//456
f 772//825 822//456 795//826
f 772//825 792//827 821//458
f 772//825 821//458 793//457
f 772//825 784//812 810//815
f 772//825 810//815 792//827
f 773//828 781//804 812//806
f 773//828 812//806 790//829
f 773//828 794//462 819//430
f 773//828 819//430 781//804
f 773//828 795//826 822//456
f 773//828 822//456 794//462
f 773//828 790//829 815//813
f 773//828 815//813 795//826
f 774//830 787//831 818//465
f 774//830 818//465 797//464
f 774//830 783//832 811//833
f 774//830 811//833 787//831
f 774//830 798//818 814//822
f 774//830 814//822 783//832
f 796//453 771//817 854//820
f 796//453 854//820 855//469
f 775//834 785//835 809//824
f 775//834 809//824 786//823
f 775//834 799//836 816//816
f 775//834 816//816 785//835
f 775//834 800//474 823//473
f 775//834 823//473 799//836
f 775//834 786//823 820//452
f 775//834 820//452 800//474
f 776//837 791//814 816//816
f 776//837 816//816 799//836
f 776//837 792//827 810//815
f 776//837 810//815 791//814
f 776//837 801//476 821//458
f 776//837 821//458 792//827
f 776//837 799//836 823//473
f 776//837 823//473 801//476
f 777//838 804//839 814//822
f 777//838 814//822 789//821
f 777//838 802//811 817//810
f 777//838 817//810 804//839
f 777//838 785//835 816//816
f 777//838 816//816 802//811
f 777//838 789//821 809//824
f 777//838 809//824 785//835
f 778//840 782//841 811//833
f 778//840 811//833 783//832
f 778//840 803//842 813//807
f 778//840 813//807 782//841
f 778//840 804//839 817//810
f 778//840 817//810 803//842
f 778//840 783//832 814//822
f 778//840 814//822 804//839
f 779//843 788//805 813//807
f 779//843 813//807 803//842
f 779//843 790//829 812//806
f 779//843 812//806 788//805
f 779//843 805//809 815//813
f 779//843 815//813 790//829
f 779//843 803//842 817//810
f 779//843 817//810 805//809
f 780//844 807//484 818//465
f 780//844 818//465 787//831
f 780//844 806//803 824//428
f 780//844 824//428 807//484
f 780//844 782//841 813//807
f 780//844 813//807 806//803
f 780//844 787//831 811//833
f 780//844 811//833 782//841
f 849//845 838//488 837//487
f 849//845 837//487 850//846
f 964//847 961//490 838//488
f 964//847 838//488 849//845
f 1143//848 1142//494 839//493
f 1143//848 839//493 848//849
f 846//850 841//498 840//497
f 846//850 840//497 847//851
f 889//852 887//500 841//498
f 889//852 841//498 846//850
f 888//853 885//504 830//503
f 888//853 830//503 842//854
f 963//855 962//508 833//507
f 963//855 833//507 845//856
f 844//857 852//858 853//511
f 844//857 853//511 832//510
f 934//859 931//516 831//515
f 934//859 831//515 843//860
f 850//846 837//487 836//518
f 850//846 836//518 851//861
f 953//862 1139//863 827//864
f 953//862 827//864 932//865
f 932//865 827//864 834//866
f 932//865 834//866 933//867
f 933//867 834//866 835//868
f 933//867 835//868 970//869
f 905//870 850//846 851//861
f 905//870 851//861 906//871
f 946//872 937//873 1136//874
f 946//872 1136//874 870//875
f 958//876 900//877 845//856
f 958//876 845//856 935//878
f 966//879 963//855 845//856
f 966//879 845//856 900//877
f 924//880 888//853 842//854
f 924//880 842//854 897//881
f 923//882 889//852 846//850
f 923//882 846//850 901//883
f 901//883 846//850 847//851
f 901//883 847//851 902//884
f 1144//885 1143//848 848//849
f 1144//885 848//849 903//886
f 965//887 964//847 849//845
f 965//887 849//845 904//888
f 904//888 849//845 850//846
f 904//888 850//846 905//870
f 774//830 797//464 853//511
f 774//830 853//511 852//858
f 935//878 936//819 852//858
f 935//878 852//858 844//857
f 833//507 855//469 854//820
f 833//507 854//820 845//856
f 916//889 907//890 856//891
f 916//889 856//891 871//892
f 945//893 938//894 857//895
f 945//893 857//895 872//896
f 915//897 908//898 858//899
f 915//897 858//899 873//900
f 920//901 909//902 861//903
f 920//901 861//903 880//904
f 950//905 939//906 860//907
f 950//905 860//907 879//908
f 919//909 910//910 859//911
f 919//909 859//911 878//912
f 949//913 940//914 1137//915
f 949//913 1137//915 877//916
f 928//917 911//918 865//919
f 928//917 865//919 896//920
f 957//921 941//922 864//923
f 957//921 864//923 895//924
f 927//925 912//926 863//927
f 927//925 863//927 894//928
f 956//929 942//930 862//931
f 956//929 862//931 1140//932
f 929//933 943//934 869//935
f 929//933 869//935 826//936
f 897//881 913//937 866//938
f 897//881 866//938 825//939
f 934//859 944//940 867//941
f 934//859 867//941 842//854
f 898//942 914//943 868//944
f 898//942 868//944 843//860
f 922//945 915//897 873//900
f 922//945 873//900 883//946
f 952//947 945//893 872//896
f 952//947 872//896 882//948
f 921//949 916//889 871//892
f 921//949 871//892 881//950
f 951//951 946//872 870//875
f 951//951 870//875 884//952
f 955//953 947//954 1138//955
f 955//953 1138//955 893//956
f 926//957 917//958 874//959
f 926//957 874//959 890//960
f 954//961 948//962 875//963
f 954//961 875//963 891//964
f 925//965 918//966 876//967
f 925//965 876//967 892//968
f 947//954 949//913 877//916
f 947//954 877//916 1138//955
f 917//958 919//909 878//912
f 917//958 878//912 874//959
f 948//962 950//905 879//908
f 948//962 879//908 875//963
f 918//966 920//901 880//904
f 918//966 880//904 876//967
f 942//930 951//951 884//952
f 942//930 884//952 862//931
f 912//926 921//949 881//950
f 912//926 881//950 863//927
f 941//922 952//947 882//948
f 941//922 882//948 864//923
f 911//918 922//945 883//946
f 911//918 883//946 865//919
f 898//942 843//860 889//852
f 898//942 889//852 923//882
f 906//871 851//861 888//853
f 906//871 888//853 924//880
f 929//933 826//936 1139//863
f 929//933 1139//863 953//862
f 851//861 836//518 885//504
f 851//861 885//504 888//853
f 843//860 831//515 887//500
f 843//860 887//500 889//852
f 914//943 925//965 892//968
f 914//943 892//968 868//944
f 944//940 954//961 891//964
f 944//940 891//964 867//941
f 913//937 926//957 890//960
f 913//937 890//960 866//938
f 943//934 955//953 893//956
f 943//934 893//956 869//935
f 940//914 956//929 1140//932
f 940//914 1140//932 1137//915
f 910//910 927//925 894//928
f 910//910 894//928 859//911
f 939//906 957//921 895//924
f 939//906 895//924 860//907
f 909//902 928//917 896//920
f 909//902 896//920 861//903
f 1137//915 1140//932 928//917
f 1137//915 928//917 909//902
f 860//907 895//924 927//925
f 860//907 927//925 910//910
f 867//941 891//964 926//957
f 867//941 926//957 913//937
f 869//935 893//956 925//965
f 869//935 925//965 914//943
f 829//969 906//871 924//880
f 829//969 924//880 886//970
f 826//936 898//942 923//882
f 826//936 923//882 1139//863
f 862//931 884//952 922//945
f 862//931 922//945 911//918
f 864//923 882//948 921//949
f 864//923 921//949 912//926
f 1138//955 877//916 920//901
f 1138//955 920//901 918//966
f 875//963 879//908 919//909
f 875//963 919//909 917//958
f 893//956 1138//955 918//966
f 893//956 918//966 925//965
f 891//964 875//963 917//958
f 891//964 917//958 926//957
f 882//948 872//896 916//889
f 882//948 916//889 921//949
f 884//952 870//875 915//897
f 884//952 915//897 922//945
f 826//936 869//935 914//943
f 826//936 914//943 898//942
f 842//854 867//941 913//937
f 842//854 913//937 897//881
f 895//924 864//923 912//926
f 895//924 912//926 927//925
f 1140//932 862//931 911//918
f 1140//932 911//918 928//917
f 879//908 860//907 910//910
f 879//908 910//910 919//909
f 877//916 1137//915 909//902
f 877//916 909//902 920//901
f 870//875 1136//874 908//898
f 870//875 908//898 915//897
f 872//896 857//895 907//890
f 872//896 907//890 916//889
f 967//971 904//888 905//870
f 967//971 905//870 828//972
f 959//973 965//887 904//888
f 959//973 904//888 967//971
f 834//866 902//884 1144//885
f 834//866 1144//885 903//886
f 834//866 903//886 835//868
f 827//864 901//883 902//884
f 827//864 902//884 834//866
f 1139//863 923//882 901//883
f 1139//863 901//883 827//864
f 886//970 924//880 897//881
f 886//970 897//881 825//939
f 960//974 966//879 900//877
f 960//974 900//877 969//975
f 930//976 969//975 900//877
f 930//976 900//877 958//876
f 828//972 905//870 906//871
f 828//972 906//871 829//969
f 968//977 930//976 958//876
f 968//977 958//876 899//978
f 861//903 896//920 957//921
f 861//903 957//921 939//906
f 859//911 894//928 956//929
f 859//911 956//929 940//914
f 866//938 890//960 955//953
f 866//938 955//953 943//934
f 868//944 892//968 954//961
f 868//944 954//961 944//940
f 825//939 929//933 953//862
f 825//939 953//862 886//970
f 865//919 883//946 952//947
f 865//919 952//947 941//922
f 863//927 881//950 951//951
f 863//927 951//951 942//930
f 876//967 880//904 950//905
f 876//967 950//905 948//962
f 874//959 878//912 949//913
f 874//959 949//913 947//954
f 892//968 876//967 948//962
f 892//968 948//962 954//961
f 890//960 874//959 947//954
f 890//960 947//954 955//953
f 881//950 871//892 946//872
f 881//950 946//872 951//951
f 883//946 873//900 945//893
f 883//946 945//893 952//947
f 843//860 868//944 944//940
f 843//860 944//940 934//859
f 825//939 866//938 943//934
f 825//939 943//934 929//933
f 894//928 863//927 942//930
f 894//928 942//930 956//929
f 896//920 865//919 941//922
f 896//920 941//922 957//921
f 878//912 859//911 940//914
f 878//912 940//914 949//913
f 880//904 861//903 939//906
f 880//904 939//906 950//905
f 873//900 858//899 938//894
f 873//900 938//894 945//893
f 845//856 854//820 936//819
f 845//856 936//819 935//878
f 798//818 774//830 852//858
f 798//818 852//858 936//819
f 899//978 958//876 935//878
f 899//978 935//878 844//857
f 871//892 856//891 937//873
f 871//892 937//873 946//872
f 828//972 933//867 970//869
f 828//972 970//869 967//971
f 829//969 932//865 933//867
f 829//969 933//867 828//972
f 886//970 953//862 932//865
f 886//970 932//865 829//969
f 842//854 830//503 931//516
f 842//854 931//516 934//859
f 835//868 903//886 966//879
f 835//868 966//879 960//974
f 968//977 899//978 965//887
f 968//977 965//887 959//973
f 899//978 844//857 964//847
f 899//978 964//847 965//887
f 903//886 848//849 963//855
f 903//886 963//855 966//879
f 848//849 839//493 962//508
f 848//849 962//508 963//855
f 844//857 832//510 961//490
f 844//857 961//490 964//847
f 1000//979 979//980 980//981
f 1000//979 980//981 987//982
f 996//983 983//984 982//985
f 996//983 982//985 999//986
f 987//982 980//981 983//984
f 987//982 983//984 996//983
f 997//987 981//988 985//989
f 997//987 985//989 998//990
f 959//973 971//991 972//992
f 959//973 972//992 968//977
f 967//971 978//993 971//991
f 967//971 971//991 959//973
f 970//869 976//994 978//993
f 970//869 978//993 967//971
f 835//868 977//995 976//994
f 835//868 976//994 970//869
f 969//975 974//996 973//997
f 969//975 973//997 960//974
f 960//974 973//997 977//995
f 960//974 977//995 835//868
f 968//977 972//992 975//998
f 968//977 975//998 930//976
f 930//976 975//998 974//996
f 930//976 974//996 969//975
f 1052//999 992//1000 991//1001
f 1052//999 991//1001 1063//1002
f 1064//1003 989//1004 992//1000
f 1064//1003 992//1000 1052//999
f 1062//1005 990//1006 994//1007
f 1062//1005 994//1007 1061//1008
f 1063//1002 991//1001 990//1006
f 1063//1002 990//1006 1062//1005
f 1001//1009 986//1010 979//980
f 1001//1009 979//980 1000//979
f 1002//1011 984//1012 986//1010
f 1002//1011 986//1010 1001//1009
f 998//990 985//989 984//1012
f 998//990 984//1012 1002//1011
f 999//986 982//985 981//988
f 999//986 981//988 997//987
f 1065//1013 988//1014 989//1004
f 1065//1013 989//1004 1064//1003
f 1066//1015 995//1016 988//1014
f 1066//1015 988//1014 1065//1013
f 1067//1017 993//1018 995//1016
f 1067//1017 995//1016 1066//1015
f 1061//1008 994//1007 993//1018
f 1061//1008 993//1018 1067//1017
f 1018//1019 999//986 997//987
f 1018//1019 997//987 1012//1020
f 1017//1021 998//990 1002//1011
f 1017//1021 1002//1011 1015//1022
f 1015//1022 1002//1011 1001//1009
f 1015//1022 1001//1009 1014//1023
f 1014//1023 1001//1009 1000//979
f 1014//1023 1000//979 1013//1024
f 1012//1020 997//987 998//990
f 1012//1020 998//990 1017//1021
f 1011//1025 987//982 996//983
f 1011//1025 996//983 1016//1026
f 1016//1026 996//983 999//986
f 1016//1026 999//986 1018//1019
f 1013//1024 1000//979 987//982
f 1013//1024 987//982 1011//1025
f 1025//1027 1004//1028 1010//1029
f 1025//1027 1010//1029 1023//1030
f 1023//1030 1010//1029 1009//1031
f 1023//1030 1009//1031 1022//1032
f 1022//1032 1009//1031 1008//1033
f 1022//1032 1008//1033 1021//1034
f 1021//1034 1008//1033 1007//1035
f 1021//1034 1007//1035 1020//1036
f 1019//1037 1005//1038 1006//1039
f 1019//1037 1006//1039 1026//1040
f 1026//1040 1006//1039 1004//1028
f 1026//1040 1004//1028 1025//1027
f 1020//1036 1007//1035 1003//1041
f 1020//1036 1003//1041 1024//1042
f 1024//1042 1003//1041 1005//1038
f 1024//1042 1005//1038 1019//1037
f 971//991 1013//1024 1011//1025
f 971//991 1011//1025 972//992
f 975//998 1016//1026 1018//1019
f 975//998 1018//1019 974//996
f 972//992 1011//1025 1016//1026
f 972//992 1016//1026 975//998
f 973//997 1012//1020 1017//1021
f 973//997 1017//1021 977//995
f 978//993 1014//1023 1013//1024
f 978//993 1013//1024 971//991
f 976//994 1015//1022 1014//1023
f 976//994 1014//1023 978//993
f 977//995 1017//1021 1015//1022
f 977//995 1015//1022 976//994
f 974//996 1018//1019 1012//1020
f 974//996 1012//1020 973//997
f 983//984 1024//1042 1019//1037
f 983//984 1019//1037 982//985
f 980//981 1020//1036 1024//1042
f 980//981 1024//1042 983//984
f 981//988 1026//1040 1025//1027
f 981//988 1025//1027 985//989
f 982//985 1019//1037 1026//1040
f 982//985 1026//1040 981//988
f 979//980 1021//1034 1020//1036
f 979//980 1020//1036 980//981
f 986//1010 1022//1032 1021//1034
f 986//1010 1021//1034 979//980
f 984//1012 1023//1030 1022//1032
f 984//1012 1022//1032 986//1010
f 985//989 1025//1027 1023//1030
f 985//989 1023//1030 984//1012
f 990//1006 1029//1043 1033//1044
f 990//1006 1033//1044 994//1007
f 993//1018 1032//1045 1034//1046
f 993//1018 1034//1046 995//1016
f 994//1007 1033//1044 1032//1045
f 994//1007 1032//1045 993//1018
f 991//1001 1030//1047 1029//1043
f 991//1001 1029//1043 990//1006
f 995//1016 1034//1046 1027//1048
f 995//1016 1027//1048 988//1014
f 989//1004 1028//1049 1031//1050
f 989//1004 1031//1050 992//1000
f 992//1000 1031//1050 1030//1047
f 992//1000 1030//1047 991//1001
f 988//1014 1027//1048 1028//1049
f 988//1014 1028//1049 989//1004
f 1077//1051 1042//1052 1035//1053
f 1077//1051 1035//1053 1060//1054
f 1079//1055 1036//1056 1039//1057
f 1079//1055 1039//1057 1078//1058
f 1078//1058 1039//1057 1038//1059
f 1078//1058 1038//1059 1080//1060
f 1060//1054 1035//1053 1036//1056
f 1060//1054 1036//1056 1079//1055
f 1082//1061 1037//1062 1041//1063
f 1082//1061 1041//1063 1081//1064
f 1083//1065 1040//1066 1042//1052
f 1083//1065 1042//1052 1077//1051
f 1081//1064 1041//1063 1040//1066
f 1081//1064 1040//1066 1083//1065
f 1080//1060 1038//1059 1037//1062
f 1080//1060 1037//1062 1082//1061
f 1039//1057 1048//1067 1047//1068
f 1039//1057 1047//1068 1038//1059
f 1036//1056 1045//1069 1048//1067
f 1036//1056 1048//1067 1039//1057
f 1042//1052 1051//1070 1044//1071
f 1042//1052 1044//1071 1035//1053
f 1038//1059 1047//1068 1046//1072
f 1038//1059 1046//1072 1037//1062
f 1045//1069 1053//1073 1056//1074
f 1045//1069 1056//1074 1048//1067
f 1051//1070 1059//1075 1043//1076
f 1051//1070 1043//1076 1044//1071
f 1047//1068 1055//1077 1054//1078
f 1047//1068 1054//1078 1046//1072
f 1050//1079 1058//1080 1057//1081
f 1050//1079 1057//1081 1049//1082
f 1035//1053 1044//1071 1045//1069
f 1035//1053 1045//1069 1036//1056
f 1037//1062 1046//1072 1050//1079
f 1037//1062 1050//1079 1041//1063
f 1040//1066 1049//1082 1051//1070
f 1040//1066 1051//1070 1042//1052
f 1041//1063 1050//1079 1049//1082
f 1041//1063 1049//1082 1040//1066
f 1055//1077 1071//1083 1070//1084
f 1055//1077 1070//1084 1054//1078
f 1058//1080 1074//1085 1073//1086
f 1058//1080 1073//1086 1057//1081
f 1057//1081 1073//1086 1075//1087
f 1057//1081 1075//1087 1059//1075
f 1054//1078 1070//1084 1074//1085
f 1054//1078 1074//1085 1058//1080
f 1048//1067 1056//1074 1055//1077
f 1048//1067 1055//1077 1047//1068
f 1044//1071 1043//1076 1053//1073
f 1044//1071 1053//1073 1045//1069
f 1046//1072 1054//1078 1058//1080
f 1046//1072 1058//1080 1050//1079
f 1049//1082 1057//1081 1059//1075
f 1049//1082 1059//1075 1051//1070
f 1004//1028 1061//1008 1067//1017
f 1004//1028 1067//1017 1010//1029
f 1010//1029 1067//1017 1066//1015
f 1010//1029 1066//1015 1009//1031
f 1009//1031 1066//1015 1065//1013
f 1009//1031 1065//1013 1008//1033
f 1008//1033 1065//1013 1064//1003
f 1008//1033 1064//1003 1007//1035
f 1005//1038 1063//1002 1062//1005
f 1005//1038 1062//1005 1006//1039
f 1006//1039 1062//1005 1061//1008
f 1006//1039 1061//1008 1004//1028
f 1007//1035 1064//1003 1052//999
f 1007//1035 1052//999 1003//1041
f 1003//1041 1052//999 1063//1002
f 1003//1041 1063//1002 1005//1038
f 1069//1088 1068//1089 1076//1090
f 1069//1088 1076//1090 1072//1091
f 1072//1091 1076//1090 1070//1084
f 1072//1091 1070//1084 1071//1083
f 1068//1089 1075//1087 1073//1086
f 1068//1089 1073//1086 1076//1090
f 1076//1090 1073//1086 1074//1085
f 1076//1090 1074//1085 1070//1084
f 1059//1075 1075//1087 1068//1089
f 1059//1075 1068//1089 1043//1076
f 1053//1073 1069//1088 1072//1091
f 1053//1073 1072//1091 1056//1074
f 1056//1074 1072//1091 1071//1083
f 1056//1074 1071//1083 1055//1077
f 1043//1076 1068//1089 1069//1088
f 1043//1076 1069//1088 1053//1073
f 1030//1047 1080//1060 1082//1061
f 1030//1047 1082//1061 1029//1043
f 1081//1064 1087//1092 1085//1093
f 1081//1064 1085//1093 1033//1044
f 1032//1045 1083//1065 1077//1051
f 1032//1045 1077//1051 1034//1046
f 1029//1043 1082//1061 1081//1064
f 1029//1043 1081//1064 1033//1044
f 1027//1048 1060//1054 1079//1055
f 1027//1048 1079//1055 1028//1049
f 1031//1050 1078//1058 1080//1060
f 1031//1050 1080//1060 1030//1047
f 1028//1049 1079//1055 1078//1058
f 1028//1049 1078//1058 1031//1050
f 1034//1046 1077//1051 1060//1054
f 1034//1046 1060//1054 1027//1048
f 1085//1093 1089//1094 1088//1095
f 1085//1093 1088//1095 1084//1096
f 1032//1045 1084//1096 1086//1097
f 1032//1045 1086//1097 1083//1065
f 1033//1044 1085//1093 1084//1096
f 1033//1044 1084//1096 1032//1045
f 1083//1065 1086//1097 1087//1092
f 1083//1065 1087//1092 1081//1064
f 1090//1098 1094//1099 1095//1100
f 1090//1098 1095//1100 1091//1101
f 1086//1097 1090//1098 1091//1101
f 1086//1097 1091//1101 1087//1092
f 1084//1096 1088//1095 1090//1098
f 1084//1096 1090//1098 1086//1097
f 1087//1092 1091//1101 1089//1094
f 1087//1092 1089//1094 1085//1093
f 1093//1102 1095//1100 1094//1099
f 1093//1102 1094//1099 1092//1103
f 1088//1095 1092//1103 1094//1099
f 1088//1095 1094//1099 1090//1098
f 1091//1101 1095//1100 1093//1102
f 1091//1101 1093//1102 1089//1094
f 1089//1094 1093//1102 1092//1103
f 1089//1094 1092//1103 1088//1095
f 1135//1104 1125//1105 1099//1106
f 1135//1104 1099//1106 1119//1107
f 1133//1108 1126//1109 1103//1110
f 1133//1108 1103//1110 1112//1111
f 1129//1112 1127//1113 1101//1114
f 1129//1112 1101//1114 1110//1115
f 1132//1116 1124//1117 1097//1118
f 1132//1116 1097//1118 1114//1119
f 1118//1120 1113//1121 1100//1122
f 1118//1120 1100//1122 1108//1123
f 1116//1124 1114//1119 1097//1118
f 1116//1124 1097//1118 1106//1125
f 1115//1126 1116//1124 1106//1125
f 1115//1126 1106//1125 1107//1127
f 1123//1128 1117//1129 1109//1130
f 1123//1128 1109//1130 1120//1131
f 1117//1129 1118//1120 1108//1123
f 1117//1129 1108//1123 1109//1130
f 1134//1132 1128//1133 1141//1134
f 1134//1132 1141//1134 1122//1135
f 1128//1133 1129//1112 1110//1115
f 1128//1133 1110//1115 1141//1134
f 1124//1117 1130//1136 1106//1125
f 1124//1117 1106//1125 1097//1118
f 1130//1136 1131//1137 1107//1127
f 1130//1136 1107//1127 1106//1125
f 1104//1138 1105//1139 1118//1120
f 1104//1138 1118//1120 1117//1129
f 1121//1140 1104//1138 1117//1129
f 1121//1140 1117//1129 1123//1128
f 1141//1134 1110//1115 1116//1124
f 1141//1134 1116//1124 1115//1126
f 1110//1115 1101//1114 1114//1119
f 1110//1115 1114//1119 1116//1124
f 1105//1139 1096//1141 1113//1121
f 1105//1139 1113//1121 1118//1120
f 1127//1113 1132//1116 1114//1119
f 1127//1113 1114//1119 1101//1114
f 1125//1105 1133//1108 1112//1111
f 1125//1105 1112//1111 1099//1106
f 1098//1142 1121//1140 1123//1128
f 1098//1142 1123//1128 1111//1143
f 1126//1109 1134//1132 1122//1135
f 1126//1109 1122//1135 1103//1110
f 1111//1143 1123//1128 1120//1131
f 1111//1143 1120//1131 1102//1144
f 1131//1137 1135//1104 1119//1107
f 1131//1137 1119//1107 1107//1127
f 937//873 856//891 1103//1110
f 937//873 1103//1110 1122//1135
f 856//891 907//890 1112//1111
f 856//891 1112//1111 1103//1110
f 907//890 857//895 1099//1106
f 907//890 1099//1106 1112//1111
f 857//895 938//894 1119//1107
f 857//895 1119//1107 1099//1106
f 938//894 858//899 1107//1127
f 938//894 1107//1127 1119//1107
f 858//899 908//898 1115//1126
f 858//899 1115//1126 1107//1127
f 908//898 1136//874 1141//1134
f 908//898 1141//1134 1115//1126
f 1136//874 937//873 1122//1135
f 1136//874 1122//1135 1141//1134
f 1104//1138 1121//1140 1135//1104
f 1104//1138 1135//1104 1131//1137
f 1102//1144 1120//1131 1134//1132
f 1102//1144 1134//1132 1126//1109
f 1098//1142 1111//1143 1133//1108
f 1098//1142 1133//1108 1125//1105
f 1100//1122 1113//1121 1132//1116
f 1100//1122 1132//1116 1127//1113
f 1105//1139 1104//1138 1131//1137
f 1105//1139 1131//1137 1130//1136
f 1096//1141 1105//1139 1130//1136
f 1096//1141 1130//1136 1124//1117
f 1109//1130 1108//1123 1129//1112
f 1109//1130 1129//1112 1128//1133
f 1120//1131 1109//1130 1128//1133
f 1120//1131 1128//1133 1134//1132
f 1113//1121 1096//1141 1124//1117
f 1113//1121 1124//1117 1132//1116
f 1108//1123 1100//1122 1127//1113
f 1108//1123 1127//1113 1129//1112
f 1111//1143 1102//1144 1126//1109
f 1111//1143 1126//1109 1133//1108
f 1121//1140 1098//1142 1125//1105
f 1121//1140 1125//1105 1135//1104
f 902//884 847//851 1143//848
f 902//884 1143//848 1144//885
f 847//851 840//497 1142//494
f 847//851 1142//494 1143//848
